fromName,toName,value
Ajanur__Kasaragod,Ajanur__Kasaragod,0
Ajanur__Kasaragod,Badiyaduka__Kasaragod,26188
Ajanur__Kasaragod,Balal__Kasaragod,27086
Ajanur__Kasaragod,Bedadka__Kasaragod,13788
Ajanur__Kasaragod,Beloor__Kasaragod,29371
Ajanur__Kasaragod,Chemmanad__Kasaragod,14340
Ajanur__Kasaragod,Chengala__Kasaragod,19758
Ajanur__Kasaragod,Cheruvathur__Kasaragod,16438
Ajanur__Kasaragod,Delampadi__Kasaragod,27922
Ajanur__Kasaragod,East Eleri__Kasaragod,32003
Ajanur__Kasaragod,Enmakaje__Kasaragod,32678
Ajanur__Kasaragod,Kallar__Kasaragod,20802
Ajanur__Kasaragod,Kanjangad(M)__Kasaragod,7241
Ajanur__Kasaragod,Karaduka__Kasaragod,24243
Ajanur__Kasaragod,Kasaragod(M)__Kasaragod,18706
Ajanur__Kasaragod,Kayyur-Chimeni__Kasaragod,19558
Ajanur__Kasaragod,Kinanur-Karindalam__Kasaragod,17765
Ajanur__Kasaragod,Kodom-Belur__Kasaragod,12278
Ajanur__Kasaragod,Kumbadaje__Kasaragod,25602
Ajanur__Kasaragod,Kumbala__Kasaragod,30673
Ajanur__Kasaragod,Kuttikol__Kasaragod,23482
Ajanur__Kasaragod,Madhur__Kasaragod,22807
Ajanur__Kasaragod,Madikai__Kasaragod,8861
Ajanur__Kasaragod,Mangalpady__Kasaragod,36984
Ajanur__Kasaragod,Manjeswaram__Kasaragod,46345
Ajanur__Kasaragod,Meencha__Kasaragod,42096
Ajanur__Kasaragod,Mogral-Puthur__Kasaragod,24188
Ajanur__Kasaragod,Muliyar__Kasaragod,17388
Ajanur__Kasaragod,Nileswaram(M)__Kasaragod,12976
Ajanur__Kasaragod,Padanna__Kasaragod,21656
Ajanur__Kasaragod,Paivalike__Kasaragod,37801
Ajanur__Kasaragod,Pallikkara__Kasaragod,6924
Ajanur__Kasaragod,Pananthadi__Kasaragod,30818
Ajanur__Kasaragod,Pilicode__Kasaragod,20195
Ajanur__Kasaragod,Pullur-Periya__Kasaragod,6194
Ajanur__Kasaragod,Puthige__Kasaragod,30340
Ajanur__Kasaragod,Thrikkarippur__Kasaragod,26724
Ajanur__Kasaragod,Uduma__Kasaragod,10670
Ajanur__Kasaragod,Valiyaparampa__Kasaragod,24856
Ajanur__Kasaragod,Vorkady__Kasaragod,46938
Ajanur__Kasaragod,West Eleri__Kasaragod,25801
Badiyaduka__Kasaragod,Ajanur__Kasaragod,26188
Badiyaduka__Kasaragod,Badiyaduka__Kasaragod,0
Badiyaduka__Kasaragod,Balal__Kasaragod,37415
Badiyaduka__Kasaragod,Bedadka__Kasaragod,17917
Badiyaduka__Kasaragod,Beloor__Kasaragod,12990
Badiyaduka__Kasaragod,Chemmanad__Kasaragod,12965
Badiyaduka__Kasaragod,Chengala__Kasaragod,6441
Badiyaduka__Kasaragod,Cheruvathur__Kasaragod,42069
Badiyaduka__Kasaragod,Delampadi__Kasaragod,20669
Badiyaduka__Kasaragod,East Eleri__Kasaragod,46348
Badiyaduka__Kasaragod,Enmakaje__Kasaragod,8203
Badiyaduka__Kasaragod,Kallar__Kasaragod,28111
Badiyaduka__Kasaragod,Kanjangad(M)__Kasaragod,33228
Badiyaduka__Kasaragod,Karaduka__Kasaragod,12741
Badiyaduka__Kasaragod,Kasaragod(M)__Kasaragod,12114
Badiyaduka__Kasaragod,Kayyur-Chimeni__Kasaragod,41998
Badiyaduka__Kasaragod,Kinanur-Karindalam__Kasaragod,36340
Badiyaduka__Kasaragod,Kodom-Belur__Kasaragod,28142
Badiyaduka__Kasaragod,Kumbadaje__Kasaragod,7453
Badiyaduka__Kasaragod,Kumbala__Kasaragod,10493
Badiyaduka__Kasaragod,Kuttikol__Kasaragod,23525
Badiyaduka__Kasaragod,Madhur__Kasaragod,7569
Badiyaduka__Kasaragod,Madikai__Kasaragod,32061
Badiyaduka__Kasaragod,Mangalpady__Kasaragod,15200
Badiyaduka__Kasaragod,Manjeswaram__Kasaragod,23583
Badiyaduka__Kasaragod,Meencha__Kasaragod,18116
Badiyaduka__Kasaragod,Mogral-Puthur__Kasaragod,10809
Badiyaduka__Kasaragod,Muliyar__Kasaragod,11517
Badiyaduka__Kasaragod,Nileswaram(M)__Kasaragod,38468
Badiyaduka__Kasaragod,Padanna__Kasaragod,47383
Badiyaduka__Kasaragod,Paivalike__Kasaragod,12276
Badiyaduka__Kasaragod,Pallikkara__Kasaragod,19467
Badiyaduka__Kasaragod,Pananthadi__Kasaragod,34413
Badiyaduka__Kasaragod,Pilicode__Kasaragod,45049
Badiyaduka__Kasaragod,Pullur-Periya__Kasaragod,22337
Badiyaduka__Kasaragod,Puthige__Kasaragod,5801
Badiyaduka__Kasaragod,Thrikkarippur__Kasaragod,52315
Badiyaduka__Kasaragod,Uduma__Kasaragod,17012
Badiyaduka__Kasaragod,Valiyaparampa__Kasaragod,50782
Badiyaduka__Kasaragod,Vorkady__Kasaragod,21854
Badiyaduka__Kasaragod,West Eleri__Kasaragod,40875
Balal__Kasaragod,Ajanur__Kasaragod,27086
Balal__Kasaragod,Badiyaduka__Kasaragod,37415
Balal__Kasaragod,Balal__Kasaragod,0
Balal__Kasaragod,Bedadka__Kasaragod,20926
Balal__Kasaragod,Beloor__Kasaragod,29548
Balal__Kasaragod,Chemmanad__Kasaragod,33734
Balal__Kasaragod,Chengala__Kasaragod,33040
Balal__Kasaragod,Cheruvathur__Kasaragod,26918
Balal__Kasaragod,Delampadi__Kasaragod,20816
Balal__Kasaragod,East Eleri__Kasaragod,9532
Balal__Kasaragod,Enmakaje__Kasaragod,38405
Balal__Kasaragod,Kallar__Kasaragod,9343
Balal__Kasaragod,Kanjangad(M)__Kasaragod,26227
Balal__Kasaragod,Karaduka__Kasaragod,25886
Balal__Kasaragod,Kasaragod(M)__Kasaragod,38689
Balal__Kasaragod,Kayyur-Chimeni__Kasaragod,18662
Balal__Kasaragod,Kinanur-Karindalam__Kasaragod,12245
Balal__Kasaragod,Kodom-Belur__Kasaragod,14843
Balal__Kasaragod,Kumbadaje__Kasaragod,31256
Balal__Kasaragod,Kumbala__Kasaragod,46915
Balal__Kasaragod,Kuttikol__Kasaragod,14766
Balal__Kasaragod,Madhur__Kasaragod,39704
Balal__Kasaragod,Madikai__Kasaragod,20515
Balal__Kasaragod,Mangalpady__Kasaragod,52478
Balal__Kasaragod,Manjeswaram__Kasaragod,60971
Balal__Kasaragod,Meencha__Kasaragod,55366
Balal__Kasaragod,Mogral-Puthur__Kasaragod,42928
Balal__Kasaragod,Muliyar__Kasaragod,26474
Balal__Kasaragod,Nileswaram(M)__Kasaragod,25224
Balal__Kasaragod,Padanna__Kasaragod,29917
Balal__Kasaragod,Paivalike__Kasaragod,48919
Balal__Kasaragod,Pallikkara__Kasaragod,29224
Balal__Kasaragod,Pananthadi__Kasaragod,8615
Balal__Kasaragod,Pilicode__Kasaragod,25394
Balal__Kasaragod,Pullur-Periya__Kasaragod,22964
Balal__Kasaragod,Puthige__Kasaragod,43213
Balal__Kasaragod,Thrikkarippur__Kasaragod,32219
Balal__Kasaragod,Uduma__Kasaragod,32801
Balal__Kasaragod,Valiyaparampa__Kasaragod,33147
Balal__Kasaragod,Vorkady__Kasaragod,58288
Balal__Kasaragod,West Eleri__Kasaragod,6776
Bedadka__Kasaragod,Ajanur__Kasaragod,13788
Bedadka__Kasaragod,Badiyaduka__Kasaragod,17917
Bedadka__Kasaragod,Balal__Kasaragod,20926
Bedadka__Kasaragod,Bedadka__Kasaragod,0
Bedadka__Kasaragod,Beloor__Kasaragod,16290
Bedadka__Kasaragod,Chemmanad__Kasaragod,13084
Bedadka__Kasaragod,Chengala__Kasaragod,12495
Bedadka__Kasaragod,Cheruvathur__Kasaragod,26358
Bedadka__Kasaragod,Delampadi__Kasaragod,14237
Bedadka__Kasaragod,East Eleri__Kasaragod,29093
Bedadka__Kasaragod,Enmakaje__Kasaragod,21844
Bedadka__Kasaragod,Kallar__Kasaragod,11831
Bedadka__Kasaragod,Kanjangad(M)__Kasaragod,18890
Bedadka__Kasaragod,Karaduka__Kasaragod,11012
Bedadka__Kasaragod,Kasaragod(M)__Kasaragod,17865
Bedadka__Kasaragod,Kayyur-Chimeni__Kasaragod,24507
Bedadka__Kasaragod,Kinanur-Karindalam__Kasaragod,18449
Bedadka__Kasaragod,Kodom-Belur__Kasaragod,10328
Bedadka__Kasaragod,Kumbadaje__Kasaragod,14039
Bedadka__Kasaragod,Kumbala__Kasaragod,26382
Bedadka__Kasaragod,Kuttikol__Kasaragod,10974
Bedadka__Kasaragod,Madhur__Kasaragod,18868
Bedadka__Kasaragod,Madikai__Kasaragod,15701
Bedadka__Kasaragod,Mangalpady__Kasaragod,32274
Bedadka__Kasaragod,Manjeswaram__Kasaragod,41225
Bedadka__Kasaragod,Meencha__Kasaragod,35956
Bedadka__Kasaragod,Mogral-Puthur__Kasaragod,22009
Bedadka__Kasaragod,Muliyar__Kasaragod,6413
Bedadka__Kasaragod,Nileswaram(M)__Kasaragod,22849
Bedadka__Kasaragod,Padanna__Kasaragod,31543
Bedadka__Kasaragod,Paivalike__Kasaragod,30144
Bedadka__Kasaragod,Pallikkara__Kasaragod,10943
Bedadka__Kasaragod,Pananthadi__Kasaragod,20859
Bedadka__Kasaragod,Pilicode__Kasaragod,28467
Bedadka__Kasaragod,Pullur-Periya__Kasaragod,7661
Bedadka__Kasaragod,Puthige__Kasaragod,23476
Bedadka__Kasaragod,Thrikkarippur__Kasaragod,36131
Bedadka__Kasaragod,Uduma__Kasaragod,13203
Bedadka__Kasaragod,Valiyaparampa__Kasaragod,35151
Bedadka__Kasaragod,Vorkady__Kasaragod,39736
Bedadka__Kasaragod,West Eleri__Kasaragod,23292
Beloor__Kasaragod,Ajanur__Kasaragod,29371
Beloor__Kasaragod,Badiyaduka__Kasaragod,12990
Beloor__Kasaragod,Balal__Kasaragod,29548
Beloor__Kasaragod,Bedadka__Kasaragod,16290
Beloor__Kasaragod,Beloor__Kasaragod,0
Beloor__Kasaragod,Chemmanad__Kasaragod,20998
Beloor__Kasaragod,Chengala__Kasaragod,14274
Beloor__Kasaragod,Cheruvathur__Kasaragod,42566
Beloor__Kasaragod,Delampadi__Kasaragod,9331
Beloor__Kasaragod,East Eleri__Kasaragod,39053
Beloor__Kasaragod,Enmakaje__Kasaragod,9439
Beloor__Kasaragod,Kallar__Kasaragod,21210
Beloor__Kasaragod,Kanjangad(M)__Kasaragod,35121
Beloor__Kasaragod,Karaduka__Kasaragod,5279
Beloor__Kasaragod,Kasaragod(M)__Kasaragod,22861
Beloor__Kasaragod,Kayyur-Chimeni__Kasaragod,39645
Beloor__Kasaragod,Kinanur-Karindalam__Kasaragod,32648
Beloor__Kasaragod,Kodom-Belur__Kasaragod,25503
Beloor__Kasaragod,Kumbadaje__Kasaragod,5994
Beloor__Kasaragod,Kumbala__Kasaragod,23257
Beloor__Kasaragod,Kuttikol__Kasaragod,14806
Beloor__Kasaragod,Madhur__Kasaragod,19746
Beloor__Kasaragod,Madikai__Kasaragod,31888
Beloor__Kasaragod,Mangalpady__Kasaragod,26880
Beloor__Kasaragod,Manjeswaram__Kasaragod,33705
Beloor__Kasaragod,Meencha__Kasaragod,27847
Beloor__Kasaragod,Mogral-Puthur__Kasaragod,23369
Beloor__Kasaragod,Muliyar__Kasaragod,12230
Beloor__Kasaragod,Nileswaram(M)__Kasaragod,39097
Beloor__Kasaragod,Padanna__Kasaragod,47681
Beloor__Kasaragod,Paivalike__Kasaragod,20974
Beloor__Kasaragod,Pallikkara__Kasaragod,24308
Beloor__Kasaragod,Pananthadi__Kasaragod,24285
Beloor__Kasaragod,Pilicode__Kasaragod,44353
Beloor__Kasaragod,Pullur-Periya__Kasaragod,23636
Beloor__Kasaragod,Puthige__Kasaragod,17726
Beloor__Kasaragod,Thrikkarippur__Kasaragod,52115
Beloor__Kasaragod,Uduma__Kasaragod,24006
Beloor__Kasaragod,Valiyaparampa__Kasaragod,51316
Beloor__Kasaragod,Vorkady__Kasaragod,29625
Beloor__Kasaragod,West Eleri__Kasaragod,34616
Chemmanad__Kasaragod,Ajanur__Kasaragod,14340
Chemmanad__Kasaragod,Badiyaduka__Kasaragod,12965
Chemmanad__Kasaragod,Balal__Kasaragod,33734
Chemmanad__Kasaragod,Bedadka__Kasaragod,13084
Chemmanad__Kasaragod,Beloor__Kasaragod,20998
Chemmanad__Kasaragod,Chemmanad__Kasaragod,0
Chemmanad__Kasaragod,Chengala__Kasaragod,7269
Chemmanad__Kasaragod,Cheruvathur__Kasaragod,30765
Chemmanad__Kasaragod,Delampadi__Kasaragod,24280
Chemmanad__Kasaragod,East Eleri__Kasaragod,41223
Chemmanad__Kasaragod,Enmakaje__Kasaragod,20670
Chemmanad__Kasaragod,Kallar__Kasaragod,24866
Chemmanad__Kasaragod,Kanjangad(M)__Kasaragod,21581
Chemmanad__Kasaragod,Karaduka__Kasaragod,17259
Chemmanad__Kasaragod,Kasaragod(M)__Kasaragod,5102
Chemmanad__Kasaragod,Kayyur-Chimeni__Kasaragod,32646
Chemmanad__Kasaragod,Kinanur-Karindalam__Kasaragod,28607
Chemmanad__Kasaragod,Kodom-Belur__Kasaragod,20674
Chemmanad__Kasaragod,Kumbadaje__Kasaragod,15465
Chemmanad__Kasaragod,Kumbala__Kasaragod,16387
Chemmanad__Kasaragod,Kuttikol__Kasaragod,23390
Chemmanad__Kasaragod,Madhur__Kasaragod,8467
Chemmanad__Kasaragod,Madikai__Kasaragod,21896
Chemmanad__Kasaragod,Mangalpady__Kasaragod,22706
Chemmanad__Kasaragod,Manjeswaram__Kasaragod,32072
Chemmanad__Kasaragod,Meencha__Kasaragod,27757
Chemmanad__Kasaragod,Mogral-Puthur__Kasaragod,10250
Chemmanad__Kasaragod,Muliyar__Kasaragod,10139
Chemmanad__Kasaragod,Nileswaram(M)__Kasaragod,27259
Chemmanad__Kasaragod,Padanna__Kasaragod,35996
Chemmanad__Kasaragod,Paivalike__Kasaragod,23705
Chemmanad__Kasaragod,Pallikkara__Kasaragod,7444
Chemmanad__Kasaragod,Pananthadi__Kasaragod,33849
Chemmanad__Kasaragod,Pilicode__Kasaragod,34346
Chemmanad__Kasaragod,Pullur-Periya__Kasaragod,12635
Chemmanad__Kasaragod,Puthige__Kasaragod,16223
Chemmanad__Kasaragod,Thrikkarippur__Kasaragod,41060
Chemmanad__Kasaragod,Uduma__Kasaragod,4099
Chemmanad__Kasaragod,Valiyaparampa__Kasaragod,39174
Chemmanad__Kasaragod,Vorkady__Kasaragod,32658
Chemmanad__Kasaragod,West Eleri__Kasaragod,35117
Chengala__Kasaragod,Ajanur__Kasaragod,19758
Chengala__Kasaragod,Badiyaduka__Kasaragod,6441
Chengala__Kasaragod,Balal__Kasaragod,33040
Chengala__Kasaragod,Bedadka__Kasaragod,12495
Chengala__Kasaragod,Beloor__Kasaragod,14274
Chengala__Kasaragod,Chemmanad__Kasaragod,7269
Chengala__Kasaragod,Chengala__Kasaragod,0
Chengala__Kasaragod,Cheruvathur__Kasaragod,35650
Chengala__Kasaragod,Delampadi__Kasaragod,19339
Chengala__Kasaragod,East Eleri__Kasaragod,41533
Chengala__Kasaragod,Enmakaje__Kasaragod,13508
Chengala__Kasaragod,Kallar__Kasaragod,23717
Chengala__Kasaragod,Kanjangad(M)__Kasaragod,26787
Chengala__Kasaragod,Karaduka__Kasaragod,11498
Chengala__Kasaragod,Kasaragod(M)__Kasaragod,8649
Chengala__Kasaragod,Kayyur-Chimeni__Kasaragod,35891
Chengala__Kasaragod,Kinanur-Karindalam__Kasaragod,30592
Chengala__Kasaragod,Kodom-Belur__Kasaragod,22350
Chengala__Kasaragod,Kumbadaje__Kasaragod,8438
Chengala__Kasaragod,Kumbala__Kasaragod,13920
Chengala__Kasaragod,Kuttikol__Kasaragod,20329
Chengala__Kasaragod,Madhur__Kasaragod,6934
Chengala__Kasaragod,Madikai__Kasaragod,25748
Chengala__Kasaragod,Mangalpady__Kasaragod,19785
Chengala__Kasaragod,Manjeswaram__Kasaragod,28820
Chengala__Kasaragod,Meencha__Kasaragod,23727
Chengala__Kasaragod,Mogral-Puthur__Kasaragod,10554
Chengala__Kasaragod,Muliyar__Kasaragod,6593
Chengala__Kasaragod,Nileswaram(M)__Kasaragod,32052
Chengala__Kasaragod,Padanna__Kasaragod,40964
Chengala__Kasaragod,Paivalike__Kasaragod,18461
Chengala__Kasaragod,Pallikkara__Kasaragod,13099
Chengala__Kasaragod,Pananthadi__Kasaragod,31311
Chengala__Kasaragod,Pilicode__Kasaragod,38704
Chengala__Kasaragod,Pullur-Periya__Kasaragod,15998
Chengala__Kasaragod,Puthige__Kasaragod,11286
Chengala__Kasaragod,Thrikkarippur__Kasaragod,45911
Chengala__Kasaragod,Uduma__Kasaragod,11052
Chengala__Kasaragod,Valiyaparampa__Kasaragod,44350
Chengala__Kasaragod,Vorkady__Kasaragod,27936
Chengala__Kasaragod,West Eleri__Kasaragod,35785
Cheruvathur__Kasaragod,Ajanur__Kasaragod,16438
Cheruvathur__Kasaragod,Badiyaduka__Kasaragod,42069
Cheruvathur__Kasaragod,Balal__Kasaragod,26918
Cheruvathur__Kasaragod,Bedadka__Kasaragod,26358
Cheruvathur__Kasaragod,Beloor__Kasaragod,42566
Cheruvathur__Kasaragod,Chemmanad__Kasaragod,30765
Cheruvathur__Kasaragod,Chengala__Kasaragod,35650
Cheruvathur__Kasaragod,Cheruvathur__Kasaragod,0
Cheruvathur__Kasaragod,Delampadi__Kasaragod,38139
Cheruvathur__Kasaragod,East Eleri__Kasaragod,26508
Cheruvathur__Kasaragod,Enmakaje__Kasaragod,47734
Cheruvathur__Kasaragod,Kallar__Kasaragod,26165
Cheruvathur__Kasaragod,Kanjangad(M)__Kasaragod,9225
Cheruvathur__Kasaragod,Karaduka__Kasaragod,37298
Cheruvathur__Kasaragod,Kasaragod(M)__Kasaragod,35100
Cheruvathur__Kasaragod,Kayyur-Chimeni__Kasaragod,9268
Cheruvathur__Kasaragod,Kinanur-Karindalam__Kasaragod,14737
Cheruvathur__Kasaragod,Kodom-Belur__Kasaragod,17772
Cheruvathur__Kasaragod,Kumbadaje__Kasaragod,40129
Cheruvathur__Kasaragod,Kumbala__Kasaragod,47111
Cheruvathur__Kasaragod,Kuttikol__Kasaragod,31900
Cheruvathur__Kasaragod,Madhur__Kasaragod,39231
Cheruvathur__Kasaragod,Madikai__Kasaragod,10679
Cheruvathur__Kasaragod,Mangalpady__Kasaragod,53421
Cheruvathur__Kasaragod,Manjeswaram__Kasaragod,62781
Cheruvathur__Kasaragod,Meencha__Kasaragod,58504
Cheruvathur__Kasaragod,Mogral-Puthur__Kasaragod,40585
Cheruvathur__Kasaragod,Muliyar__Kasaragod,31875
Cheruvathur__Kasaragod,Nileswaram(M)__Kasaragod,3605
Cheruvathur__Kasaragod,Padanna__Kasaragod,5315
Cheruvathur__Kasaragod,Paivalike__Kasaragod,53996
Cheruvathur__Kasaragod,Pallikkara__Kasaragod,23324
Cheruvathur__Kasaragod,Pananthadi__Kasaragod,34203
Cheruvathur__Kasaragod,Pilicode__Kasaragod,4668
Cheruvathur__Kasaragod,Pullur-Periya__Kasaragod,19857
Cheruvathur__Kasaragod,Puthige__Kasaragod,46588
Cheruvathur__Kasaragod,Thrikkarippur__Kasaragod,10307
Cheruvathur__Kasaragod,Uduma__Kasaragod,27083
Cheruvathur__Kasaragod,Valiyaparampa__Kasaragod,8819
Cheruvathur__Kasaragod,Vorkady__Kasaragod,63262
Cheruvathur__Kasaragod,West Eleri__Kasaragod,21844
Delampadi__Kasaragod,Ajanur__Kasaragod,27922
Delampadi__Kasaragod,Badiyaduka__Kasaragod,20669
Delampadi__Kasaragod,Balal__Kasaragod,20816
Delampadi__Kasaragod,Bedadka__Kasaragod,14237
Delampadi__Kasaragod,Beloor__Kasaragod,9331
Delampadi__Kasaragod,Chemmanad__Kasaragod,24280
Delampadi__Kasaragod,Chengala__Kasaragod,19339
Delampadi__Kasaragod,Cheruvathur__Kasaragod,38139
Delampadi__Kasaragod,Delampadi__Kasaragod,0
Delampadi__Kasaragod,East Eleri__Kasaragod,30341
Delampadi__Kasaragod,Enmakaje__Kasaragod,18745
Delampadi__Kasaragod,Kallar__Kasaragod,13556
Delampadi__Kasaragod,Kanjangad(M)__Kasaragod,32154
Delampadi__Kasaragod,Karaduka__Kasaragod,8055
Delampadi__Kasaragod,Kasaragod(M)__Kasaragod,27675
Delampadi__Kasaragod,Kayyur-Chimeni__Kasaragod,33524
Delampadi__Kasaragod,Kinanur-Karindalam__Kasaragod,26088
Delampadi__Kasaragod,Kodom-Belur__Kasaragod,20370
Delampadi__Kasaragod,Kumbadaje__Kasaragod,13264
Delampadi__Kasaragod,Kumbala__Kasaragod,31154
Delampadi__Kasaragod,Kuttikol__Kasaragod,6770
Delampadi__Kasaragod,Madhur__Kasaragod,26008
Delampadi__Kasaragod,Madikai__Kasaragod,27764
Delampadi__Kasaragod,Mangalpady__Kasaragod,35504
Delampadi__Kasaragod,Manjeswaram__Kasaragod,42826
Delampadi__Kasaragod,Meencha__Kasaragod,36988
Delampadi__Kasaragod,Mogral-Puthur__Kasaragod,29726
Delampadi__Kasaragod,Muliyar__Kasaragod,14141
Delampadi__Kasaragod,Nileswaram(M)__Kasaragod,34959
Delampadi__Kasaragod,Padanna__Kasaragod,42888
Delampadi__Kasaragod,Paivalike__Kasaragod,30159
Delampadi__Kasaragod,Pallikkara__Kasaragod,24805
Delampadi__Kasaragod,Pananthadi__Kasaragod,14969
Delampadi__Kasaragod,Pilicode__Kasaragod,39058
Delampadi__Kasaragod,Pullur-Periya__Kasaragod,21730
Delampadi__Kasaragod,Puthige__Kasaragod,26092
Delampadi__Kasaragod,Thrikkarippur__Kasaragod,46845
Delampadi__Kasaragod,Uduma__Kasaragod,26046
Delampadi__Kasaragod,Valiyaparampa__Kasaragod,46541
Delampadi__Kasaragod,Vorkady__Kasaragod,38948
Delampadi__Kasaragod,West Eleri__Kasaragod,26477
East Eleri__Kasaragod,Ajanur__Kasaragod,32003
East Eleri__Kasaragod,Badiyaduka__Kasaragod,46348
East Eleri__Kasaragod,Balal__Kasaragod,9532
East Eleri__Kasaragod,Bedadka__Kasaragod,29093
East Eleri__Kasaragod,Beloor__Kasaragod,39053
East Eleri__Kasaragod,Chemmanad__Kasaragod,41223
East Eleri__Kasaragod,Chengala__Kasaragod,41533
East Eleri__Kasaragod,Cheruvathur__Kasaragod,26508
East Eleri__Kasaragod,Delampadi__Kasaragod,30341
East Eleri__Kasaragod,East Eleri__Kasaragod,0
East Eleri__Kasaragod,Enmakaje__Kasaragod,47809
East Eleri__Kasaragod,Kallar__Kasaragod,18340
East Eleri__Kasaragod,Kanjangad(M)__Kasaragod,29014
East Eleri__Kasaragod,Karaduka__Kasaragod,35244
East Eleri__Kasaragod,Kasaragod(M)__Kasaragod,46302
East Eleri__Kasaragod,Kayyur-Chimeni__Kasaragod,17245
East Eleri__Kasaragod,Kinanur-Karindalam__Kasaragod,14385
East Eleri__Kasaragod,Kodom-Belur__Kasaragod,20796
East Eleri__Kasaragod,Kumbadaje__Kasaragod,40512
East Eleri__Kasaragod,Kumbala__Kasaragod,55450
East Eleri__Kasaragod,Kuttikol__Kasaragod,24251
East Eleri__Kasaragod,Madhur__Kasaragod,47937
East Eleri__Kasaragod,Madikai__Kasaragod,23832
East Eleri__Kasaragod,Mangalpady__Kasaragod,61222
East Eleri__Kasaragod,Manjeswaram__Kasaragod,69929
East Eleri__Kasaragod,Meencha__Kasaragod,64418
East Eleri__Kasaragod,Mogral-Puthur__Kasaragod,50935
East Eleri__Kasaragod,Muliyar__Kasaragod,35093
East Eleri__Kasaragod,Nileswaram(M)__Kasaragod,26067
East Eleri__Kasaragod,Padanna__Kasaragod,27863
East Eleri__Kasaragod,Paivalike__Kasaragod,58097
East Eleri__Kasaragod,Pallikkara__Kasaragod,35691
East Eleri__Kasaragod,Pananthadi__Kasaragod,17031
East Eleri__Kasaragod,Pilicode__Kasaragod,23483
East Eleri__Kasaragod,Pullur-Periya__Kasaragod,29310
East Eleri__Kasaragod,Puthige__Kasaragod,52114
East Eleri__Kasaragod,Thrikkarippur__Kasaragod,28675
East Eleri__Kasaragod,Uduma__Kasaragod,39622
East Eleri__Kasaragod,Valiyaparampa__Kasaragod,30425
East Eleri__Kasaragod,Vorkady__Kasaragod,67544
East Eleri__Kasaragod,West Eleri__Kasaragod,6247
Enmakaje__Kasaragod,Ajanur__Kasaragod,32678
Enmakaje__Kasaragod,Badiyaduka__Kasaragod,8203
Enmakaje__Kasaragod,Balal__Kasaragod,38405
Enmakaje__Kasaragod,Bedadka__Kasaragod,21844
Enmakaje__Kasaragod,Beloor__Kasaragod,9439
Enmakaje__Kasaragod,Chemmanad__Kasaragod,20670
Enmakaje__Kasaragod,Chengala__Kasaragod,13508
Enmakaje__Kasaragod,Cheruvathur__Kasaragod,47734
Enmakaje__Kasaragod,Delampadi__Kasaragod,18745
Enmakaje__Kasaragod,East Eleri__Kasaragod,47809
Enmakaje__Kasaragod,Enmakaje__Kasaragod,0
Enmakaje__Kasaragod,Kallar__Kasaragod,29587
Enmakaje__Kasaragod,Kanjangad(M)__Kasaragod,39354
Enmakaje__Kasaragod,Karaduka__Kasaragod,12584
Enmakaje__Kasaragod,Kasaragod(M)__Kasaragod,20313
Enmakaje__Kasaragod,Kayyur-Chimeni__Kasaragod,46315
Enmakaje__Kasaragod,Kinanur-Karindalam__Kasaragod,39869
Enmakaje__Kasaragod,Kodom-Belur__Kasaragod,32047
Enmakaje__Kasaragod,Kumbadaje__Kasaragod,7833
Enmakaje__Kasaragod,Kumbala__Kasaragod,16037
Enmakaje__Kasaragod,Kuttikol__Kasaragod,23677
Enmakaje__Kasaragod,Madhur__Kasaragod,15673
Enmakaje__Kasaragod,Madikai__Kasaragod,37268
Enmakaje__Kasaragod,Mangalpady__Kasaragod,18297
Enmakaje__Kasaragod,Manjeswaram__Kasaragod,24386
Enmakaje__Kasaragod,Meencha__Kasaragod,18526
Enmakaje__Kasaragod,Mogral-Puthur__Kasaragod,18588
Enmakaje__Kasaragod,Muliyar__Kasaragod,15868
Enmakaje__Kasaragod,Nileswaram(M)__Kasaragod,44144
Enmakaje__Kasaragod,Padanna__Kasaragod,53017
Enmakaje__Kasaragod,Paivalike__Kasaragod,11635
Enmakaje__Kasaragod,Pallikkara__Kasaragod,26373
Enmakaje__Kasaragod,Pananthadi__Kasaragod,33649
Enmakaje__Kasaragod,Pilicode__Kasaragod,50210
Enmakaje__Kasaragod,Pullur-Periya__Kasaragod,27920
Enmakaje__Kasaragod,Puthige__Kasaragod,10169
Enmakaje__Kasaragod,Thrikkarippur__Kasaragod,57769
Enmakaje__Kasaragod,Uduma__Kasaragod,24555
Enmakaje__Kasaragod,Valiyaparampa__Kasaragod,56548
Enmakaje__Kasaragod,Vorkady__Kasaragod,20209
Enmakaje__Kasaragod,West Eleri__Kasaragod,42966
Kallar__Kasaragod,Ajanur__Kasaragod,20802
Kallar__Kasaragod,Badiyaduka__Kasaragod,28111
Kallar__Kasaragod,Balal__Kasaragod,9343
Kallar__Kasaragod,Bedadka__Kasaragod,11831
Kallar__Kasaragod,Beloor__Kasaragod,21210
Kallar__Kasaragod,Chemmanad__Kasaragod,24866
Kallar__Kasaragod,Chengala__Kasaragod,23717
Kallar__Kasaragod,Cheruvathur__Kasaragod,26165
Kallar__Kasaragod,Delampadi__Kasaragod,13556
Kallar__Kasaragod,East Eleri__Kasaragod,18340
Kallar__Kasaragod,Enmakaje__Kasaragod,29587
Kallar__Kasaragod,Kallar__Kasaragod,0
Kallar__Kasaragod,Kanjangad(M)__Kasaragod,22292
Kallar__Kasaragod,Karaduka__Kasaragod,17004
Kallar__Kasaragod,Kasaragod(M)__Kasaragod,29695
Kallar__Kasaragod,Kayyur-Chimeni__Kasaragod,20298
Kallar__Kasaragod,Kinanur-Karindalam__Kasaragod,12757
Kallar__Kasaragod,Kodom-Belur__Kasaragod,9322
Kallar__Kasaragod,Kumbadaje__Kasaragod,22182
Kallar__Kasaragod,Kumbala__Kasaragod,37577
Kallar__Kasaragod,Kuttikol__Kasaragod,6794
Kallar__Kasaragod,Madhur__Kasaragod,30433
Kallar__Kasaragod,Madikai__Kasaragod,16881
Kallar__Kasaragod,Mangalpady__Kasaragod,43142
Kallar__Kasaragod,Manjeswaram__Kasaragod,51686
Kallar__Kasaragod,Meencha__Kasaragod,46122
Kallar__Kasaragod,Mogral-Puthur__Kasaragod,33726
Kallar__Kasaragod,Muliyar__Kasaragod,17140
Kallar__Kasaragod,Nileswaram(M)__Kasaragod,23444
Kallar__Kasaragod,Padanna__Kasaragod,30430
Kallar__Kasaragod,Paivalike__Kasaragod,39760
Kallar__Kasaragod,Pallikkara__Kasaragod,21271
Kallar__Kasaragod,Pananthadi__Kasaragod,10032
Kallar__Kasaragod,Pilicode__Kasaragod,26287
Kallar__Kasaragod,Pullur-Periya__Kasaragod,15502
Kallar__Kasaragod,Puthige__Kasaragod,33902
Kallar__Kasaragod,Thrikkarippur__Kasaragod,33953
Kallar__Kasaragod,Uduma__Kasaragod,24435
Kallar__Kasaragod,Valiyaparampa__Kasaragod,34019
Kallar__Kasaragod,Vorkady__Kasaragod,49206
Kallar__Kasaragod,West Eleri__Kasaragod,13427
Kanjangad(M)__Kasaragod,Ajanur__Kasaragod,7241
Kanjangad(M)__Kasaragod,Badiyaduka__Kasaragod,33228
Kanjangad(M)__Kasaragod,Balal__Kasaragod,26227
Kanjangad(M)__Kasaragod,Bedadka__Kasaragod,18890
Kanjangad(M)__Kasaragod,Beloor__Kasaragod,35121
Kanjangad(M)__Kasaragod,Chemmanad__Kasaragod,21581
Kanjangad(M)__Kasaragod,Chengala__Kasaragod,26787
Kanjangad(M)__Kasaragod,Cheruvathur__Kasaragod,9225
Kanjangad(M)__Kasaragod,Delampadi__Kasaragod,32154
Kanjangad(M)__Kasaragod,East Eleri__Kasaragod,29014
Kanjangad(M)__Kasaragod,Enmakaje__Kasaragod,39354
Kanjangad(M)__Kasaragod,Kallar__Kasaragod,22292
Kanjangad(M)__Kasaragod,Kanjangad(M)__Kasaragod,0
Kanjangad(M)__Kasaragod,Karaduka__Kasaragod,29862
Kanjangad(M)__Kasaragod,Kasaragod(M)__Kasaragod,25875
Kanjangad(M)__Kasaragod,Kayyur-Chimeni__Kasaragod,13950
Kanjangad(M)__Kasaragod,Kinanur-Karindalam__Kasaragod,14803
Kanjangad(M)__Kasaragod,Kodom-Belur__Kasaragod,12972
Kanjangad(M)__Kasaragod,Kumbadaje__Kasaragod,31985
Kanjangad(M)__Kasaragod,Kumbala__Kasaragod,37900
Kanjangad(M)__Kasaragod,Kuttikol__Kasaragod,26676
Kanjangad(M)__Kasaragod,Madhur__Kasaragod,30048
Kanjangad(M)__Kasaragod,Madikai__Kasaragod,5726
Kanjangad(M)__Kasaragod,Mangalpady__Kasaragod,44206
Kanjangad(M)__Kasaragod,Manjeswaram__Kasaragod,53563
Kanjangad(M)__Kasaragod,Meencha__Kasaragod,49337
Kanjangad(M)__Kasaragod,Mogral-Puthur__Kasaragod,31359
Kanjangad(M)__Kasaragod,Muliyar__Kasaragod,23668
Kanjangad(M)__Kasaragod,Nileswaram(M)__Kasaragod,5881
Kanjangad(M)__Kasaragod,Padanna__Kasaragod,14416
Kanjangad(M)__Kasaragod,Paivalike__Kasaragod,44982
Kanjangad(M)__Kasaragod,Pallikkara__Kasaragod,14159
Kanjangad(M)__Kasaragod,Pananthadi__Kasaragod,31773
Kanjangad(M)__Kasaragod,Pilicode__Kasaragod,13219
Kanjangad(M)__Kasaragod,Pullur-Periya__Kasaragod,11569
Kanjangad(M)__Kasaragod,Puthige__Kasaragod,37537
Kanjangad(M)__Kasaragod,Thrikkarippur__Kasaragod,19488
Kanjangad(M)__Kasaragod,Uduma__Kasaragod,17860
Kanjangad(M)__Kasaragod,Valiyaparampa__Kasaragod,17636
Kanjangad(M)__Kasaragod,Vorkady__Kasaragod,54163
Kanjangad(M)__Kasaragod,West Eleri__Kasaragod,23177
Karaduka__Kasaragod,Ajanur__Kasaragod,24243
Karaduka__Kasaragod,Badiyaduka__Kasaragod,12741
Karaduka__Kasaragod,Balal__Kasaragod,25886
Karaduka__Kasaragod,Bedadka__Kasaragod,11012
Karaduka__Kasaragod,Beloor__Kasaragod,5279
Karaduka__Kasaragod,Chemmanad__Kasaragod,17259
Karaduka__Kasaragod,Chengala__Kasaragod,11498
Karaduka__Kasaragod,Cheruvathur__Kasaragod,37298
Karaduka__Kasaragod,Delampadi__Kasaragod,8055
Karaduka__Kasaragod,East Eleri__Kasaragod,35244
Karaduka__Kasaragod,Enmakaje__Kasaragod,12584
Karaduka__Kasaragod,Kallar__Kasaragod,17004
Karaduka__Kasaragod,Kanjangad(M)__Kasaragod,29862
Karaduka__Kasaragod,Karaduka__Kasaragod,0
Karaduka__Kasaragod,Kasaragod(M)__Kasaragod,20048
Karaduka__Kasaragod,Kayyur-Chimeni__Kasaragod,34594
Karaduka__Kasaragod,Kinanur-Karindalam__Kasaragod,27757
Karaduka__Kasaragod,Kodom-Belur__Kasaragod,20372
Karaduka__Kasaragod,Kumbadaje__Kasaragod,5568
Karaduka__Kasaragod,Kumbala__Kasaragod,23182
Karaduka__Kasaragod,Kuttikol__Kasaragod,11281
Karaduka__Kasaragod,Madhur__Kasaragod,18003
Karaduka__Kasaragod,Madikai__Kasaragod,26620
Karaduka__Kasaragod,Mangalpady__Kasaragod,27801
Karaduka__Kasaragod,Manjeswaram__Kasaragod,35590
Karaduka__Kasaragod,Meencha__Kasaragod,29834
Karaduka__Kasaragod,Mogral-Puthur__Kasaragod,21725
Karaduka__Kasaragod,Muliyar__Kasaragod,7558
Karaduka__Kasaragod,Nileswaram(M)__Kasaragod,33822
Karaduka__Kasaragod,Padanna__Kasaragod,42428
Karaduka__Kasaragod,Paivalike__Kasaragod,23183
Karaduka__Kasaragod,Pallikkara__Kasaragod,19540
Karaduka__Kasaragod,Pananthadi__Kasaragod,21855
Karaduka__Kasaragod,Pilicode__Kasaragod,39151
Karaduka__Kasaragod,Pullur-Periya__Kasaragod,18413
Karaduka__Kasaragod,Puthige__Kasaragod,18336
Karaduka__Kasaragod,Thrikkarippur__Kasaragod,46896
Karaduka__Kasaragod,Uduma__Kasaragod,19756
Karaduka__Kasaragod,Valiyaparampa__Kasaragod,46058
Karaduka__Kasaragod,Vorkady__Kasaragod,32431
Karaduka__Kasaragod,West Eleri__Kasaragod,30396
Kasaragod(M)__Kasaragod,Ajanur__Kasaragod,18706
Kasaragod(M)__Kasaragod,Badiyaduka__Kasaragod,12114
Kasaragod(M)__Kasaragod,Balal__Kasaragod,38689
Kasaragod(M)__Kasaragod,Bedadka__Kasaragod,17865
Kasaragod(M)__Kasaragod,Beloor__Kasaragod,22861
Kasaragod(M)__Kasaragod,Chemmanad__Kasaragod,5102
Kasaragod(M)__Kasaragod,Chengala__Kasaragod,8649
Kasaragod(M)__Kasaragod,Cheruvathur__Kasaragod,35100
Kasaragod(M)__Kasaragod,Delampadi__Kasaragod,27675
Kasaragod(M)__Kasaragod,East Eleri__Kasaragod,46302
Kasaragod(M)__Kasaragod,Enmakaje__Kasaragod,20313
Kasaragod(M)__Kasaragod,Kallar__Kasaragod,29695
Kasaragod(M)__Kasaragod,Kanjangad(M)__Kasaragod,25875
Kasaragod(M)__Kasaragod,Karaduka__Kasaragod,20048
Kasaragod(M)__Kasaragod,Kasaragod(M)__Kasaragod,0
Kasaragod(M)__Kasaragod,Kayyur-Chimeni__Kasaragod,37537
Kasaragod(M)__Kasaragod,Kinanur-Karindalam__Kasaragod,33687
Kasaragod(M)__Kasaragod,Kodom-Belur__Kasaragod,25776
Kasaragod(M)__Kasaragod,Kumbadaje__Kasaragod,16924
Kasaragod(M)__Kasaragod,Kumbala__Kasaragod,12193
Kasaragod(M)__Kasaragod,Kuttikol__Kasaragod,27661
Kasaragod(M)__Kasaragod,Madhur__Kasaragod,5212
Kasaragod(M)__Kasaragod,Madikai__Kasaragod,26720
Kasaragod(M)__Kasaragod,Mangalpady__Kasaragod,18425
Kasaragod(M)__Kasaragod,Manjeswaram__Kasaragod,27741
Kasaragod(M)__Kasaragod,Meencha__Kasaragod,23882
Kasaragod(M)__Kasaragod,Mogral-Puthur__Kasaragod,5485
Kasaragod(M)__Kasaragod,Muliyar__Kasaragod,13839
Kasaragod(M)__Kasaragod,Nileswaram(M)__Kasaragod,31678
Kasaragod(M)__Kasaragod,Padanna__Kasaragod,40242
Kasaragod(M)__Kasaragod,Paivalike__Kasaragod,20756
Kasaragod(M)__Kasaragod,Pallikkara__Kasaragod,12058
Kasaragod(M)__Kasaragod,Pananthadi__Kasaragod,38373
Kasaragod(M)__Kasaragod,Pilicode__Kasaragod,38889
Kasaragod(M)__Kasaragod,Pullur-Periya__Kasaragod,17675
Kasaragod(M)__Kasaragod,Puthige__Kasaragod,13518
Kasaragod(M)__Kasaragod,Thrikkarippur__Kasaragod,45332
Kasaragod(M)__Kasaragod,Uduma__Kasaragod,8039
Kasaragod(M)__Kasaragod,Valiyaparampa__Kasaragod,43277
Kasaragod(M)__Kasaragod,Vorkady__Kasaragod,29094
Kasaragod(M)__Kasaragod,West Eleri__Kasaragod,40209
Kayyur-Chimeni__Kasaragod,Ajanur__Kasaragod,19558
Kayyur-Chimeni__Kasaragod,Badiyaduka__Kasaragod,41998
Kayyur-Chimeni__Kasaragod,Balal__Kasaragod,18662
Kayyur-Chimeni__Kasaragod,Bedadka__Kasaragod,24507
Kayyur-Chimeni__Kasaragod,Beloor__Kasaragod,39645
Kayyur-Chimeni__Kasaragod,Chemmanad__Kasaragod,32646
Kayyur-Chimeni__Kasaragod,Chengala__Kasaragod,35891
Kayyur-Chimeni__Kasaragod,Cheruvathur__Kasaragod,9268
Kayyur-Chimeni__Kasaragod,Delampadi__Kasaragod,33524
Kayyur-Chimeni__Kasaragod,East Eleri__Kasaragod,17245
Kayyur-Chimeni__Kasaragod,Enmakaje__Kasaragod,46315
Kayyur-Chimeni__Kasaragod,Kallar__Kasaragod,20298
Kayyur-Chimeni__Kasaragod,Kanjangad(M)__Kasaragod,13950
Kayyur-Chimeni__Kasaragod,Karaduka__Kasaragod,34594
Kayyur-Chimeni__Kasaragod,Kasaragod(M)__Kasaragod,37537
Kayyur-Chimeni__Kasaragod,Kayyur-Chimeni__Kasaragod,0
Kayyur-Chimeni__Kasaragod,Kinanur-Karindalam__Kasaragod,7551
Kayyur-Chimeni__Kasaragod,Kodom-Belur__Kasaragod,14286
Kayyur-Chimeni__Kasaragod,Kumbadaje__Kasaragod,38485
Kayyur-Chimeni__Kasaragod,Kumbala__Kasaragod,48816
Kayyur-Chimeni__Kasaragod,Kuttikol__Kasaragod,26833
Kayyur-Chimeni__Kasaragod,Madhur__Kasaragod,40802
Kayyur-Chimeni__Kasaragod,Madikai__Kasaragod,10860
Kayyur-Chimeni__Kasaragod,Mangalpady__Kasaragod,55084
Kayyur-Chimeni__Kasaragod,Manjeswaram__Kasaragod,64386
Kayyur-Chimeni__Kasaragod,Meencha__Kasaragod,59559
Kayyur-Chimeni__Kasaragod,Mogral-Puthur__Kasaragod,42887
Kayyur-Chimeni__Kasaragod,Muliyar__Kasaragod,30780
Kayyur-Chimeni__Kasaragod,Nileswaram(M)__Kasaragod,9385
Kayyur-Chimeni__Kasaragod,Padanna__Kasaragod,11283
Kayyur-Chimeni__Kasaragod,Paivalike__Kasaragod,54261
Kayyur-Chimeni__Kasaragod,Pallikkara__Kasaragod,25523
Kayyur-Chimeni__Kasaragod,Pananthadi__Kasaragod,26670
Kayyur-Chimeni__Kasaragod,Pilicode__Kasaragod,6745
Kayyur-Chimeni__Kasaragod,Pullur-Periya__Kasaragod,20176
Kayyur-Chimeni__Kasaragod,Puthige__Kasaragod,47174
Kayyur-Chimeni__Kasaragod,Thrikkarippur__Kasaragod,13838
Kayyur-Chimeni__Kasaragod,Uduma__Kasaragod,29666
Kayyur-Chimeni__Kasaragod,Valiyaparampa__Kasaragod,14495
Kayyur-Chimeni__Kasaragod,Vorkady__Kasaragod,63803
Kayyur-Chimeni__Kasaragod,West Eleri__Kasaragod,12895
Kinanur-Karindalam__Kasaragod,Ajanur__Kasaragod,17765
Kinanur-Karindalam__Kasaragod,Badiyaduka__Kasaragod,36340
Kinanur-Karindalam__Kasaragod,Balal__Kasaragod,12245
Kinanur-Karindalam__Kasaragod,Bedadka__Kasaragod,18449
Kinanur-Karindalam__Kasaragod,Beloor__Kasaragod,32648
Kinanur-Karindalam__Kasaragod,Chemmanad__Kasaragod,28607
Kinanur-Karindalam__Kasaragod,Chengala__Kasaragod,30592
Kinanur-Karindalam__Kasaragod,Cheruvathur__Kasaragod,14737
Kinanur-Karindalam__Kasaragod,Delampadi__Kasaragod,26088
Kinanur-Karindalam__Kasaragod,East Eleri__Kasaragod,14385
Kinanur-Karindalam__Kasaragod,Enmakaje__Kasaragod,39869
Kinanur-Karindalam__Kasaragod,Kallar__Kasaragod,12757
Kinanur-Karindalam__Kasaragod,Kanjangad(M)__Kasaragod,14803
Kinanur-Karindalam__Kasaragod,Karaduka__Kasaragod,27757
Kinanur-Karindalam__Kasaragod,Kasaragod(M)__Kasaragod,33687
Kinanur-Karindalam__Kasaragod,Kayyur-Chimeni__Kasaragod,7551
Kinanur-Karindalam__Kasaragod,Kinanur-Karindalam__Kasaragod,0
Kinanur-Karindalam__Kasaragod,Kodom-Belur__Kasaragod,8243
Kinanur-Karindalam__Kasaragod,Kumbadaje__Kasaragod,32057
Kinanur-Karindalam__Kasaragod,Kumbala__Kasaragod,44126
Kinanur-Karindalam__Kasaragod,Kuttikol__Kasaragod,19357
Kinanur-Karindalam__Kasaragod,Madhur__Kasaragod,36220
Kinanur-Karindalam__Kasaragod,Madikai__Kasaragod,9453
Kinanur-Karindalam__Kasaragod,Mangalpady__Kasaragod,50255
Kinanur-Karindalam__Kasaragod,Manjeswaram__Kasaragod,59401
Kinanur-Karindalam__Kasaragod,Meencha__Kasaragod,54285
Kinanur-Karindalam__Kasaragod,Mogral-Puthur__Kasaragod,38759
Kinanur-Karindalam__Kasaragod,Muliyar__Kasaragod,24861
Kinanur-Karindalam__Kasaragod,Nileswaram(M)__Kasaragod,13005
Kinanur-Karindalam__Kasaragod,Padanna__Kasaragod,18213
Kinanur-Karindalam__Kasaragod,Paivalike__Kasaragod,48588
Kinanur-Karindalam__Kasaragod,Pallikkara__Kasaragod,22222
Kinanur-Karindalam__Kasaragod,Pananthadi__Kasaragod,19567
Kinanur-Karindalam__Kasaragod,Pilicode__Kasaragod,13836
Kinanur-Karindalam__Kasaragod,Pullur-Periya__Kasaragod,16050
Kinanur-Karindalam__Kasaragod,Puthige__Kasaragod,41800
Kinanur-Karindalam__Kasaragod,Thrikkarippur__Kasaragod,21318
Kinanur-Karindalam__Kasaragod,Uduma__Kasaragod,26332
Kinanur-Karindalam__Kasaragod,Valiyaparampa__Kasaragod,21672
Kinanur-Karindalam__Kasaragod,Vorkady__Kasaragod,58180
Kinanur-Karindalam__Kasaragod,West Eleri__Kasaragod,8383
Kodom-Belur__Kasaragod,Ajanur__Kasaragod,12278
Kodom-Belur__Kasaragod,Badiyaduka__Kasaragod,28142
Kodom-Belur__Kasaragod,Balal__Kasaragod,14843
Kodom-Belur__Kasaragod,Bedadka__Kasaragod,10328
Kodom-Belur__Kasaragod,Beloor__Kasaragod,25503
Kodom-Belur__Kasaragod,Chemmanad__Kasaragod,20674
Kodom-Belur__Kasaragod,Chengala__Kasaragod,22350
Kodom-Belur__Kasaragod,Cheruvathur__Kasaragod,17772
Kodom-Belur__Kasaragod,Delampadi__Kasaragod,20370
Kodom-Belur__Kasaragod,East Eleri__Kasaragod,20796
Kodom-Belur__Kasaragod,Enmakaje__Kasaragod,32047
Kodom-Belur__Kasaragod,Kallar__Kasaragod,9322
Kodom-Belur__Kasaragod,Kanjangad(M)__Kasaragod,12972
Kodom-Belur__Kasaragod,Karaduka__Kasaragod,20372
Kodom-Belur__Kasaragod,Kasaragod(M)__Kasaragod,25776
Kodom-Belur__Kasaragod,Kayyur-Chimeni__Kasaragod,14286
Kodom-Belur__Kasaragod,Kinanur-Karindalam__Kasaragod,8243
Kodom-Belur__Kasaragod,Kodom-Belur__Kasaragod,0
Kodom-Belur__Kasaragod,Kumbadaje__Kasaragod,24214
Kodom-Belur__Kasaragod,Kumbala__Kasaragod,35920
Kodom-Belur__Kasaragod,Kuttikol__Kasaragod,14205
Kodom-Belur__Kasaragod,Madhur__Kasaragod,28051
Kodom-Belur__Kasaragod,Madikai__Kasaragod,7692
Kodom-Belur__Kasaragod,Mangalpady__Kasaragod,42026
Kodom-Belur__Kasaragod,Manjeswaram__Kasaragod,51160
Kodom-Belur__Kasaragod,Meencha__Kasaragod,46049
Kodom-Belur__Kasaragod,Mogral-Puthur__Kasaragod,30704
Kodom-Belur__Kasaragod,Muliyar__Kasaragod,16710
Kodom-Belur__Kasaragod,Nileswaram(M)__Kasaragod,14671
Kodom-Belur__Kasaragod,Padanna__Kasaragod,22562
Kodom-Belur__Kasaragod,Paivalike__Kasaragod,40407
Kodom-Belur__Kasaragod,Pallikkara__Kasaragod,14906
Kodom-Belur__Kasaragod,Pananthadi__Kasaragod,19000
Kodom-Belur__Kasaragod,Pilicode__Kasaragod,18930
Kodom-Belur__Kasaragod,Pullur-Periya__Kasaragod,8520
Kodom-Belur__Kasaragod,Puthige__Kasaragod,33567
Kodom-Belur__Kasaragod,Thrikkarippur__Kasaragod,26729
Kodom-Belur__Kasaragod,Uduma__Kasaragod,18831
Kodom-Belur__Kasaragod,Valiyaparampa__Kasaragod,26220
Kodom-Belur__Kasaragod,Vorkady__Kasaragod,49994
Kodom-Belur__Kasaragod,West Eleri__Kasaragod,14583
Kumbadaje__Kasaragod,Ajanur__Kasaragod,25602
Kumbadaje__Kasaragod,Badiyaduka__Kasaragod,7453
Kumbadaje__Kasaragod,Balal__Kasaragod,31256
Kumbadaje__Kasaragod,Bedadka__Kasaragod,14039
Kumbadaje__Kasaragod,Beloor__Kasaragod,5994
Kumbadaje__Kasaragod,Chemmanad__Kasaragod,15465
Kumbadaje__Kasaragod,Chengala__Kasaragod,8438
Kumbadaje__Kasaragod,Cheruvathur__Kasaragod,40129
Kumbadaje__Kasaragod,Delampadi__Kasaragod,13264
Kumbadaje__Kasaragod,East Eleri__Kasaragod,40512
Kumbadaje__Kasaragod,Enmakaje__Kasaragod,7833
Kumbadaje__Kasaragod,Kallar__Kasaragod,22182
Kumbadaje__Kasaragod,Kanjangad(M)__Kasaragod,31985
Kumbadaje__Kasaragod,Karaduka__Kasaragod,5568
Kumbadaje__Kasaragod,Kasaragod(M)__Kasaragod,16924
Kumbadaje__Kasaragod,Kayyur-Chimeni__Kasaragod,38485
Kumbadaje__Kasaragod,Kinanur-Karindalam__Kasaragod,32057
Kumbadaje__Kasaragod,Kodom-Belur__Kasaragod,24214
Kumbadaje__Kasaragod,Kumbadaje__Kasaragod,0
Kumbadaje__Kasaragod,Kumbala__Kasaragod,17941
Kumbadaje__Kasaragod,Kuttikol__Kasaragod,16796
Kumbadaje__Kasaragod,Madhur__Kasaragod,13779
Kumbadaje__Kasaragod,Madikai__Kasaragod,29580
Kumbadaje__Kasaragod,Mangalpady__Kasaragod,22293
Kumbadaje__Kasaragod,Manjeswaram__Kasaragod,30026
Kumbadaje__Kasaragod,Meencha__Kasaragod,24282
Kumbadaje__Kasaragod,Mogral-Puthur__Kasaragod,17432
Kumbadaje__Kasaragod,Muliyar__Kasaragod,8318
Kumbadaje__Kasaragod,Nileswaram(M)__Kasaragod,36558
Kumbadaje__Kasaragod,Padanna__Kasaragod,45385
Kumbadaje__Kasaragod,Paivalike__Kasaragod,17684
Kumbadaje__Kasaragod,Pallikkara__Kasaragod,19789
Kumbadaje__Kasaragod,Pananthadi__Kasaragod,27421
Kumbadaje__Kasaragod,Pilicode__Kasaragod,42469
Kumbadaje__Kasaragod,Pullur-Periya__Kasaragod,20442
Kumbadaje__Kasaragod,Puthige__Kasaragod,12847
Kumbadaje__Kasaragod,Thrikkarippur__Kasaragod,50077
Kumbadaje__Kasaragod,Uduma__Kasaragod,18823
Kumbadaje__Kasaragod,Valiyaparampa__Kasaragod,48948
Kumbadaje__Kasaragod,Vorkady__Kasaragod,27040
Kumbadaje__Kasaragod,West Eleri__Kasaragod,35439
Kumbala__Kasaragod,Ajanur__Kasaragod,30673
Kumbala__Kasaragod,Badiyaduka__Kasaragod,10493
Kumbala__Kasaragod,Balal__Kasaragod,46915
Kumbala__Kasaragod,Bedadka__Kasaragod,26382
Kumbala__Kasaragod,Beloor__Kasaragod,23257
Kumbala__Kasaragod,Chemmanad__Kasaragod,16387
Kumbala__Kasaragod,Chengala__Kasaragod,13920
Kumbala__Kasaragod,Cheruvathur__Kasaragod,47111
Kumbala__Kasaragod,Delampadi__Kasaragod,31154
Kumbala__Kasaragod,East Eleri__Kasaragod,55450
Kumbala__Kasaragod,Enmakaje__Kasaragod,16037
Kumbala__Kasaragod,Kallar__Kasaragod,37577
Kumbala__Kasaragod,Kanjangad(M)__Kasaragod,37900
Kumbala__Kasaragod,Karaduka__Kasaragod,23182
Kumbala__Kasaragod,Kasaragod(M)__Kasaragod,12193
Kumbala__Kasaragod,Kayyur-Chimeni__Kasaragod,48816
Kumbala__Kasaragod,Kinanur-Karindalam__Kasaragod,44126
Kumbala__Kasaragod,Kodom-Belur__Kasaragod,35920
Kumbala__Kasaragod,Kumbadaje__Kasaragod,17941
Kumbala__Kasaragod,Kumbala__Kasaragod,0
Kumbala__Kasaragod,Kuttikol__Kasaragod,33635
Kumbala__Kasaragod,Madhur__Kasaragod,8016
Kumbala__Kasaragod,Madikai__Kasaragod,38188
Kumbala__Kasaragod,Mangalpady__Kasaragod,6319
Kumbala__Kasaragod,Manjeswaram__Kasaragod,15685
Kumbala__Kasaragod,Meencha__Kasaragod,11732
Kumbala__Kasaragod,Mogral-Puthur__Kasaragod,6923
Kumbala__Kasaragod,Muliyar__Kasaragod,20444
Kumbala__Kasaragod,Nileswaram(M)__Kasaragod,43629
Kumbala__Kasaragod,Padanna__Kasaragod,52308
Kumbala__Kasaragod,Paivalike__Kasaragod,10079
Kumbala__Kasaragod,Pallikkara__Kasaragod,23822
Kumbala__Kasaragod,Pananthadi__Kasaragod,44615
Kumbala__Kasaragod,Pilicode__Kasaragod,50734
Kumbala__Kasaragod,Pullur-Periya__Kasaragod,28643
Kumbala__Kasaragod,Puthige__Kasaragod,5870
Kumbala__Kasaragod,Thrikkarippur__Kasaragod,57388
Kumbala__Kasaragod,Uduma__Kasaragod,20061
Kumbala__Kasaragod,Valiyaparampa__Kasaragod,55406
Kumbala__Kasaragod,Vorkady__Kasaragod,17112
Kumbala__Kasaragod,West Eleri__Kasaragod,49669
Kuttikol__Kasaragod,Ajanur__Kasaragod,23482
Kuttikol__Kasaragod,Badiyaduka__Kasaragod,23525
Kuttikol__Kasaragod,Balal__Kasaragod,14766
Kuttikol__Kasaragod,Bedadka__Kasaragod,10974
Kuttikol__Kasaragod,Beloor__Kasaragod,14806
Kuttikol__Kasaragod,Chemmanad__Kasaragod,23390
Kuttikol__Kasaragod,Chengala__Kasaragod,20329
Kuttikol__Kasaragod,Cheruvathur__Kasaragod,31900
Kuttikol__Kasaragod,Delampadi__Kasaragod,6770
Kuttikol__Kasaragod,East Eleri__Kasaragod,24251
Kuttikol__Kasaragod,Enmakaje__Kasaragod,23677
Kuttikol__Kasaragod,Kallar__Kasaragod,6794
Kuttikol__Kasaragod,Kanjangad(M)__Kasaragod,26676
Kuttikol__Kasaragod,Karaduka__Kasaragod,11281
Kuttikol__Kasaragod,Kasaragod(M)__Kasaragod,27661
Kuttikol__Kasaragod,Kayyur-Chimeni__Kasaragod,26833
Kuttikol__Kasaragod,Kinanur-Karindalam__Kasaragod,19357
Kuttikol__Kasaragod,Kodom-Belur__Kasaragod,14205
Kuttikol__Kasaragod,Kumbadaje__Kasaragod,16796
Kuttikol__Kasaragod,Kumbala__Kasaragod,33635
Kuttikol__Kasaragod,Kuttikol__Kasaragod,0
Kuttikol__Kasaragod,Madhur__Kasaragod,27262
Kuttikol__Kasaragod,Madikai__Kasaragod,21831
Kuttikol__Kasaragod,Mangalpady__Kasaragod,38725
Kuttikol__Kasaragod,Manjeswaram__Kasaragod,46795
Kuttikol__Kasaragod,Meencha__Kasaragod,41074
Kuttikol__Kasaragod,Mogral-Puthur__Kasaragod,30834
Kuttikol__Kasaragod,Muliyar__Kasaragod,13948
Kuttikol__Kasaragod,Nileswaram(M)__Kasaragod,28873
Kuttikol__Kasaragod,Padanna__Kasaragod,36483
Kuttikol__Kasaragod,Paivalike__Kasaragod,34461
Kuttikol__Kasaragod,Pallikkara__Kasaragod,21870
Kuttikol__Kasaragod,Pananthadi__Kasaragod,11005
Kuttikol__Kasaragod,Pilicode__Kasaragod,32529
Kuttikol__Kasaragod,Pullur-Periya__Kasaragod,17420
Kuttikol__Kasaragod,Puthige__Kasaragod,29287
Kuttikol__Kasaragod,Thrikkarippur__Kasaragod,40286
Kuttikol__Kasaragod,Uduma__Kasaragod,24099
Kuttikol__Kasaragod,Valiyaparampa__Kasaragod,40120
Kuttikol__Kasaragod,Vorkady__Kasaragod,43695
Kuttikol__Kasaragod,West Eleri__Kasaragod,19940
Madhur__Kasaragod,Ajanur__Kasaragod,22807
Madhur__Kasaragod,Badiyaduka__Kasaragod,7569
Madhur__Kasaragod,Balal__Kasaragod,39704
Madhur__Kasaragod,Bedadka__Kasaragod,18868
Madhur__Kasaragod,Beloor__Kasaragod,19746
Madhur__Kasaragod,Chemmanad__Kasaragod,8467
Madhur__Kasaragod,Chengala__Kasaragod,6934
Madhur__Kasaragod,Cheruvathur__Kasaragod,39231
Madhur__Kasaragod,Delampadi__Kasaragod,26008
Madhur__Kasaragod,East Eleri__Kasaragod,47937
Madhur__Kasaragod,Enmakaje__Kasaragod,15673
Madhur__Kasaragod,Kallar__Kasaragod,30433
Madhur__Kasaragod,Kanjangad(M)__Kasaragod,30048
Madhur__Kasaragod,Karaduka__Kasaragod,18003
Madhur__Kasaragod,Kasaragod(M)__Kasaragod,5212
Madhur__Kasaragod,Kayyur-Chimeni__Kasaragod,40802
Madhur__Kasaragod,Kinanur-Karindalam__Kasaragod,36220
Madhur__Kasaragod,Kodom-Belur__Kasaragod,28051
Madhur__Kasaragod,Kumbadaje__Kasaragod,13779
Madhur__Kasaragod,Kumbala__Kasaragod,8016
Madhur__Kasaragod,Kuttikol__Kasaragod,27262
Madhur__Kasaragod,Madhur__Kasaragod,0
Madhur__Kasaragod,Madikai__Kasaragod,30177
Madhur__Kasaragod,Mangalpady__Kasaragod,14312
Madhur__Kasaragod,Manjeswaram__Kasaragod,23665
Madhur__Kasaragod,Meencha__Kasaragod,19296
Madhur__Kasaragod,Mogral-Puthur__Kasaragod,3722
Madhur__Kasaragod,Muliyar__Kasaragod,13441
Madhur__Kasaragod,Nileswaram(M)__Kasaragod,35720
Madhur__Kasaragod,Padanna__Kasaragod,44463
Madhur__Kasaragod,Paivalike__Kasaragod,15637
Madhur__Kasaragod,Pallikkara__Kasaragod,15907
Madhur__Kasaragod,Pananthadi__Kasaragod,38240
Madhur__Kasaragod,Pilicode__Kasaragod,42773
Madhur__Kasaragod,Pullur-Periya__Kasaragod,20632
Madhur__Kasaragod,Puthige__Kasaragod,8317
Madhur__Kasaragod,Thrikkarippur__Kasaragod,49527
Madhur__Kasaragod,Uduma__Kasaragod,12338
Madhur__Kasaragod,Valiyaparampa__Kasaragod,47629
Madhur__Kasaragod,Vorkady__Kasaragod,24279
Madhur__Kasaragod,West Eleri__Kasaragod,42036
Madikai__Kasaragod,Ajanur__Kasaragod,8861
Madikai__Kasaragod,Badiyaduka__Kasaragod,32061
Madikai__Kasaragod,Balal__Kasaragod,20515
Madikai__Kasaragod,Bedadka__Kasaragod,15701
Madikai__Kasaragod,Beloor__Kasaragod,31888
Madikai__Kasaragod,Chemmanad__Kasaragod,21896
Madikai__Kasaragod,Chengala__Kasaragod,25748
Madikai__Kasaragod,Cheruvathur__Kasaragod,10679
Madikai__Kasaragod,Delampadi__Kasaragod,27764
Madikai__Kasaragod,East Eleri__Kasaragod,23832
Madikai__Kasaragod,Enmakaje__Kasaragod,37268
Madikai__Kasaragod,Kallar__Kasaragod,16881
Madikai__Kasaragod,Kanjangad(M)__Kasaragod,5726
Madikai__Kasaragod,Karaduka__Kasaragod,26620
Madikai__Kasaragod,Kasaragod(M)__Kasaragod,26720
Madikai__Kasaragod,Kayyur-Chimeni__Kasaragod,10860
Madikai__Kasaragod,Kinanur-Karindalam__Kasaragod,9453
Madikai__Kasaragod,Kodom-Belur__Kasaragod,7692
Madikai__Kasaragod,Kumbadaje__Kasaragod,29580
Madikai__Kasaragod,Kumbala__Kasaragod,38188
Madikai__Kasaragod,Kuttikol__Kasaragod,21831
Madikai__Kasaragod,Madhur__Kasaragod,30177
Madikai__Kasaragod,Madikai__Kasaragod,0
Madikai__Kasaragod,Mangalpady__Kasaragod,44488
Madikai__Kasaragod,Manjeswaram__Kasaragod,53831
Madikai__Kasaragod,Meencha__Kasaragod,49180
Madikai__Kasaragod,Mogral-Puthur__Kasaragod,32107
Madikai__Kasaragod,Muliyar__Kasaragod,21407
Madikai__Kasaragod,Nileswaram(M)__Kasaragod,7261
Madikai__Kasaragod,Padanna__Kasaragod,15842
Madikai__Kasaragod,Paivalike__Kasaragod,44208
Madikai__Kasaragod,Pallikkara__Kasaragod,14679
Madikai__Kasaragod,Pananthadi__Kasaragod,26141
Madikai__Kasaragod,Pilicode__Kasaragod,13009
Madikai__Kasaragod,Pullur-Periya__Kasaragod,9753
Madikai__Kasaragod,Puthige__Kasaragod,36941
Madikai__Kasaragod,Thrikkarippur__Kasaragod,20502
Madikai__Kasaragod,Uduma__Kasaragod,18811
Madikai__Kasaragod,Valiyaparampa__Kasaragod,19451
Madikai__Kasaragod,Vorkady__Kasaragod,53650
Madikai__Kasaragod,West Eleri__Kasaragod,17809
Mangalpady__Kasaragod,Ajanur__Kasaragod,36984
Mangalpady__Kasaragod,Badiyaduka__Kasaragod,15200
Mangalpady__Kasaragod,Balal__Kasaragod,52478
Mangalpady__Kasaragod,Bedadka__Kasaragod,32274
Mangalpady__Kasaragod,Beloor__Kasaragod,26880
Mangalpady__Kasaragod,Chemmanad__Kasaragod,22706
Mangalpady__Kasaragod,Chengala__Kasaragod,19785
Mangalpady__Kasaragod,Cheruvathur__Kasaragod,53421
Mangalpady__Kasaragod,Delampadi__Kasaragod,35504
Mangalpady__Kasaragod,East Eleri__Kasaragod,61222
Mangalpady__Kasaragod,Enmakaje__Kasaragod,18297
Mangalpady__Kasaragod,Kallar__Kasaragod,43142
Mangalpady__Kasaragod,Kanjangad(M)__Kasaragod,44206
Mangalpady__Kasaragod,Karaduka__Kasaragod,27801
Mangalpady__Kasaragod,Kasaragod(M)__Kasaragod,18425
Mangalpady__Kasaragod,Kayyur-Chimeni__Kasaragod,55084
Mangalpady__Kasaragod,Kinanur-Karindalam__Kasaragod,50255
Mangalpady__Kasaragod,Kodom-Belur__Kasaragod,42026
Mangalpady__Kasaragod,Kumbadaje__Kasaragod,22293
Mangalpady__Kasaragod,Kumbala__Kasaragod,6319
Mangalpady__Kasaragod,Kuttikol__Kasaragod,38725
Mangalpady__Kasaragod,Madhur__Kasaragod,14312
Mangalpady__Kasaragod,Madikai__Kasaragod,44488
Mangalpady__Kasaragod,Mangalpady__Kasaragod,0
Mangalpady__Kasaragod,Manjeswaram__Kasaragod,9367
Mangalpady__Kasaragod,Meencha__Kasaragod,6087
Mangalpady__Kasaragod,Mogral-Puthur__Kasaragod,13016
Mangalpady__Kasaragod,Muliyar__Kasaragod,26129
Mangalpady__Kasaragod,Nileswaram(M)__Kasaragod,49945
Mangalpady__Kasaragod,Padanna__Kasaragod,58610
Mangalpady__Kasaragod,Paivalike__Kasaragod,8211
Mangalpady__Kasaragod,Pallikkara__Kasaragod,30140
Mangalpady__Kasaragod,Pananthadi__Kasaragod,49590
Mangalpady__Kasaragod,Pilicode__Kasaragod,57052
Mangalpady__Kasaragod,Pullur-Periya__Kasaragod,34908
Mangalpady__Kasaragod,Puthige__Kasaragod,9467
Mangalpady__Kasaragod,Thrikkarippur__Kasaragod,63692
Mangalpady__Kasaragod,Uduma__Kasaragod,26356
Mangalpady__Kasaragod,Valiyaparampa__Kasaragod,61688
Mangalpady__Kasaragod,Vorkady__Kasaragod,11740
Mangalpady__Kasaragod,West Eleri__Kasaragod,55550
Manjeswaram__Kasaragod,Ajanur__Kasaragod,46345
Manjeswaram__Kasaragod,Badiyaduka__Kasaragod,23583
Manjeswaram__Kasaragod,Balal__Kasaragod,60971
Manjeswaram__Kasaragod,Bedadka__Kasaragod,41225
Manjeswaram__Kasaragod,Beloor__Kasaragod,33705
Manjeswaram__Kasaragod,Chemmanad__Kasaragod,32072
Manjeswaram__Kasaragod,Chengala__Kasaragod,28820
Manjeswaram__Kasaragod,Cheruvathur__Kasaragod,62781
Manjeswaram__Kasaragod,Delampadi__Kasaragod,42826
Manjeswaram__Kasaragod,East Eleri__Kasaragod,69929
Manjeswaram__Kasaragod,Enmakaje__Kasaragod,24386
Manjeswaram__Kasaragod,Kallar__Kasaragod,51686
Manjeswaram__Kasaragod,Kanjangad(M)__Kasaragod,53563
Manjeswaram__Kasaragod,Karaduka__Kasaragod,35590
Manjeswaram__Kasaragod,Kasaragod(M)__Kasaragod,27741
Manjeswaram__Kasaragod,Kayyur-Chimeni__Kasaragod,64386
Manjeswaram__Kasaragod,Kinanur-Karindalam__Kasaragod,59401
Manjeswaram__Kasaragod,Kodom-Belur__Kasaragod,51160
Manjeswaram__Kasaragod,Kumbadaje__Kasaragod,30026
Manjeswaram__Kasaragod,Kumbala__Kasaragod,15685
Manjeswaram__Kasaragod,Kuttikol__Kasaragod,46795
Manjeswaram__Kasaragod,Madhur__Kasaragod,23665
Manjeswaram__Kasaragod,Madikai__Kasaragod,53831
Manjeswaram__Kasaragod,Mangalpady__Kasaragod,9367
Manjeswaram__Kasaragod,Manjeswaram__Kasaragod,0
Manjeswaram__Kasaragod,Meencha__Kasaragod,5862
Manjeswaram__Kasaragod,Mogral-Puthur__Kasaragod,22288
Manjeswaram__Kasaragod,Muliyar__Kasaragod,34940
Manjeswaram__Kasaragod,Nileswaram(M)__Kasaragod,59309
Manjeswaram__Kasaragod,Padanna__Kasaragod,67960
Manjeswaram__Kasaragod,Paivalike__Kasaragod,12752
Manjeswaram__Kasaragod,Pallikkara__Kasaragod,39507
Manjeswaram__Kasaragod,Pananthadi__Kasaragod,57419
Manjeswaram__Kasaragod,Pilicode__Kasaragod,66418
Manjeswaram__Kasaragod,Pullur-Periya__Kasaragod,44217
Manjeswaram__Kasaragod,Puthige__Kasaragod,17820
Manjeswaram__Kasaragod,Thrikkarippur__Kasaragod,73045
Manjeswaram__Kasaragod,Uduma__Kasaragod,35706
Manjeswaram__Kasaragod,Valiyaparampa__Kasaragod,71017
Manjeswaram__Kasaragod,Vorkady__Kasaragod,7351
Manjeswaram__Kasaragod,West Eleri__Kasaragod,64402
Meencha__Kasaragod,Ajanur__Kasaragod,42096
Meencha__Kasaragod,Badiyaduka__Kasaragod,18116
Meencha__Kasaragod,Balal__Kasaragod,55366
Meencha__Kasaragod,Bedadka__Kasaragod,35956
Meencha__Kasaragod,Beloor__Kasaragod,27847
Meencha__Kasaragod,Chemmanad__Kasaragod,27757
Meencha__Kasaragod,Chengala__Kasaragod,23727
Meencha__Kasaragod,Cheruvathur__Kasaragod,58504
Meencha__Kasaragod,Delampadi__Kasaragod,36988
Meencha__Kasaragod,East Eleri__Kasaragod,64418
Meencha__Kasaragod,Enmakaje__Kasaragod,18526
Meencha__Kasaragod,Kallar__Kasaragod,46122
Meencha__Kasaragod,Kanjangad(M)__Kasaragod,49337
Meencha__Kasaragod,Karaduka__Kasaragod,29834
Meencha__Kasaragod,Kasaragod(M)__Kasaragod,23882
Meencha__Kasaragod,Kayyur-Chimeni__Kasaragod,59559
Meencha__Kasaragod,Kinanur-Karindalam__Kasaragod,54285
Meencha__Kasaragod,Kodom-Belur__Kasaragod,46049
Meencha__Kasaragod,Kumbadaje__Kasaragod,24282
Meencha__Kasaragod,Kumbala__Kasaragod,11732
Meencha__Kasaragod,Kuttikol__Kasaragod,41074
Meencha__Kasaragod,Madhur__Kasaragod,19296
Meencha__Kasaragod,Madikai__Kasaragod,49180
Meencha__Kasaragod,Mangalpady__Kasaragod,6087
Meencha__Kasaragod,Manjeswaram__Kasaragod,5862
Meencha__Kasaragod,Meencha__Kasaragod,0
Meencha__Kasaragod,Mogral-Puthur__Kasaragod,18651
Meencha__Kasaragod,Muliyar__Kasaragod,29597
Meencha__Kasaragod,Nileswaram(M)__Kasaragod,54975
Meencha__Kasaragod,Padanna__Kasaragod,63750
Meencha__Kasaragod,Paivalike__Kasaragod,6891
Meencha__Kasaragod,Pallikkara__Kasaragod,35184
Meencha__Kasaragod,Pananthadi__Kasaragod,51631
Meencha__Kasaragod,Pilicode__Kasaragod,61952
Meencha__Kasaragod,Pullur-Periya__Kasaragod,39470
Meencha__Kasaragod,Puthige__Kasaragod,12487
Meencha__Kasaragod,Thrikkarippur__Kasaragod,68807
Meencha__Kasaragod,Uduma__Kasaragod,31604
Meencha__Kasaragod,Valiyaparampa__Kasaragod,66924
Meencha__Kasaragod,Vorkady__Kasaragod,5656
Meencha__Kasaragod,West Eleri__Kasaragod,58990
Mogral-Puthur__Kasaragod,Ajanur__Kasaragod,24188
Mogral-Puthur__Kasaragod,Badiyaduka__Kasaragod,10809
Mogral-Puthur__Kasaragod,Balal__Kasaragod,42928
Mogral-Puthur__Kasaragod,Bedadka__Kasaragod,22009
Mogral-Puthur__Kasaragod,Beloor__Kasaragod,23369
Mogral-Puthur__Kasaragod,Chemmanad__Kasaragod,10250
Mogral-Puthur__Kasaragod,Chengala__Kasaragod,10554
Mogral-Puthur__Kasaragod,Cheruvathur__Kasaragod,40585
Mogral-Puthur__Kasaragod,Delampadi__Kasaragod,29726
Mogral-Puthur__Kasaragod,East Eleri__Kasaragod,50935
Mogral-Puthur__Kasaragod,Enmakaje__Kasaragod,18588
Mogral-Puthur__Kasaragod,Kallar__Kasaragod,33726
Mogral-Puthur__Kasaragod,Kanjangad(M)__Kasaragod,31359
Mogral-Puthur__Kasaragod,Karaduka__Kasaragod,21725
Mogral-Puthur__Kasaragod,Kasaragod(M)__Kasaragod,5485
Mogral-Puthur__Kasaragod,Kayyur-Chimeni__Kasaragod,42887
Mogral-Puthur__Kasaragod,Kinanur-Karindalam__Kasaragod,38759
Mogral-Puthur__Kasaragod,Kodom-Belur__Kasaragod,30704
Mogral-Puthur__Kasaragod,Kumbadaje__Kasaragod,17432
Mogral-Puthur__Kasaragod,Kumbala__Kasaragod,6923
Mogral-Puthur__Kasaragod,Kuttikol__Kasaragod,30834
Mogral-Puthur__Kasaragod,Madhur__Kasaragod,3722
Mogral-Puthur__Kasaragod,Madikai__Kasaragod,32107
Mogral-Puthur__Kasaragod,Mangalpady__Kasaragod,13016
Mogral-Puthur__Kasaragod,Manjeswaram__Kasaragod,22288
Mogral-Puthur__Kasaragod,Meencha__Kasaragod,18651
Mogral-Puthur__Kasaragod,Mogral-Puthur__Kasaragod,0
Mogral-Puthur__Kasaragod,Muliyar__Kasaragod,16929
Mogral-Puthur__Kasaragod,Nileswaram(M)__Kasaragod,37162
Mogral-Puthur__Kasaragod,Padanna__Kasaragod,45722
Mogral-Puthur__Kasaragod,Paivalike__Kasaragod,16317
Mogral-Puthur__Kasaragod,Pallikkara__Kasaragod,17491
Mogral-Puthur__Kasaragod,Pananthadi__Kasaragod,41780
Mogral-Puthur__Kasaragod,Pilicode__Kasaragod,44364
Mogral-Puthur__Kasaragod,Pullur-Periya__Kasaragod,22867
Mogral-Puthur__Kasaragod,Puthige__Kasaragod,9776
Mogral-Puthur__Kasaragod,Thrikkarippur__Kasaragod,50813
Mogral-Puthur__Kasaragod,Uduma__Kasaragod,13519
Mogral-Puthur__Kasaragod,Valiyaparampa__Kasaragod,48740
Mogral-Puthur__Kasaragod,Vorkady__Kasaragod,24020
Mogral-Puthur__Kasaragod,West Eleri__Kasaragod,44941
Muliyar__Kasaragod,Ajanur__Kasaragod,17388
Muliyar__Kasaragod,Badiyaduka__Kasaragod,11517
Muliyar__Kasaragod,Balal__Kasaragod,26474
Muliyar__Kasaragod,Bedadka__Kasaragod,6413
Muliyar__Kasaragod,Beloor__Kasaragod,12230
Muliyar__Kasaragod,Chemmanad__Kasaragod,10139
Muliyar__Kasaragod,Chengala__Kasaragod,6593
Muliyar__Kasaragod,Cheruvathur__Kasaragod,31875
Muliyar__Kasaragod,Delampadi__Kasaragod,14141
Muliyar__Kasaragod,East Eleri__Kasaragod,35093
Muliyar__Kasaragod,Enmakaje__Kasaragod,15868
Muliyar__Kasaragod,Kallar__Kasaragod,17140
Muliyar__Kasaragod,Kanjangad(M)__Kasaragod,23668
Muliyar__Kasaragod,Karaduka__Kasaragod,7558
Muliyar__Kasaragod,Kasaragod(M)__Kasaragod,13839
Muliyar__Kasaragod,Kayyur-Chimeni__Kasaragod,30780
Muliyar__Kasaragod,Kinanur-Karindalam__Kasaragod,24861
Muliyar__Kasaragod,Kodom-Belur__Kasaragod,16710
Muliyar__Kasaragod,Kumbadaje__Kasaragod,8318
Muliyar__Kasaragod,Kumbala__Kasaragod,20444
Muliyar__Kasaragod,Kuttikol__Kasaragod,13948
Muliyar__Kasaragod,Madhur__Kasaragod,13441
Muliyar__Kasaragod,Madikai__Kasaragod,21407
Muliyar__Kasaragod,Mangalpady__Kasaragod,26129
Muliyar__Kasaragod,Manjeswaram__Kasaragod,34940
Muliyar__Kasaragod,Meencha__Kasaragod,29597
Muliyar__Kasaragod,Mogral-Puthur__Kasaragod,16929
Muliyar__Kasaragod,Muliyar__Kasaragod,0
Muliyar__Kasaragod,Nileswaram(M)__Kasaragod,28292
Muliyar__Kasaragod,Padanna__Kasaragod,37152
Muliyar__Kasaragod,Paivalike__Kasaragod,23731
Muliyar__Kasaragod,Pallikkara__Kasaragod,12084
Muliyar__Kasaragod,Pananthadi__Kasaragod,24856
Muliyar__Kasaragod,Pilicode__Kasaragod,34374
Muliyar__Kasaragod,Pullur-Periya__Kasaragod,12127
Muliyar__Kasaragod,Puthige__Kasaragod,17141
Muliyar__Kasaragod,Thrikkarippur__Kasaragod,41904
Muliyar__Kasaragod,Uduma__Kasaragod,12239
Muliyar__Kasaragod,Valiyaparampa__Kasaragod,40692
Muliyar__Kasaragod,Vorkady__Kasaragod,33323
Muliyar__Kasaragod,West Eleri__Kasaragod,29466
Nileswaram(M)__Kasaragod,Ajanur__Kasaragod,12976
Nileswaram(M)__Kasaragod,Badiyaduka__Kasaragod,38468
Nileswaram(M)__Kasaragod,Balal__Kasaragod,25224
Nileswaram(M)__Kasaragod,Bedadka__Kasaragod,22849
Nileswaram(M)__Kasaragod,Beloor__Kasaragod,39097
Nileswaram(M)__Kasaragod,Chemmanad__Kasaragod,27259
Nileswaram(M)__Kasaragod,Chengala__Kasaragod,32052
Nileswaram(M)__Kasaragod,Cheruvathur__Kasaragod,3605
Nileswaram(M)__Kasaragod,Delampadi__Kasaragod,34959
Nileswaram(M)__Kasaragod,East Eleri__Kasaragod,26067
Nileswaram(M)__Kasaragod,Enmakaje__Kasaragod,44144
Nileswaram(M)__Kasaragod,Kallar__Kasaragod,23444
Nileswaram(M)__Kasaragod,Kanjangad(M)__Kasaragod,5881
Nileswaram(M)__Kasaragod,Karaduka__Kasaragod,33822
Nileswaram(M)__Kasaragod,Kasaragod(M)__Kasaragod,31678
Nileswaram(M)__Kasaragod,Kayyur-Chimeni__Kasaragod,9385
Nileswaram(M)__Kasaragod,Kinanur-Karindalam__Kasaragod,13005
Nileswaram(M)__Kasaragod,Kodom-Belur__Kasaragod,14671
Nileswaram(M)__Kasaragod,Kumbadaje__Kasaragod,36558
Nileswaram(M)__Kasaragod,Kumbala__Kasaragod,43629
Nileswaram(M)__Kasaragod,Kuttikol__Kasaragod,28873
Nileswaram(M)__Kasaragod,Madhur__Kasaragod,35720
Nileswaram(M)__Kasaragod,Madikai__Kasaragod,7261
Nileswaram(M)__Kasaragod,Mangalpady__Kasaragod,49945
Nileswaram(M)__Kasaragod,Manjeswaram__Kasaragod,59309
Nileswaram(M)__Kasaragod,Meencha__Kasaragod,54975
Nileswaram(M)__Kasaragod,Mogral-Puthur__Kasaragod,37162
Nileswaram(M)__Kasaragod,Muliyar__Kasaragod,28292
Nileswaram(M)__Kasaragod,Nileswaram(M)__Kasaragod,0
Nileswaram(M)__Kasaragod,Padanna__Kasaragod,8919
Nileswaram(M)__Kasaragod,Paivalike__Kasaragod,50412
Nileswaram(M)__Kasaragod,Pallikkara__Kasaragod,19815
Nileswaram(M)__Kasaragod,Pananthadi__Kasaragod,31998
Nileswaram(M)__Kasaragod,Pilicode__Kasaragod,7345
Nileswaram(M)__Kasaragod,Pullur-Periya__Kasaragod,16256
Nileswaram(M)__Kasaragod,Puthige__Kasaragod,43015
Nileswaram(M)__Kasaragod,Thrikkarippur__Kasaragod,13875
Nileswaram(M)__Kasaragod,Uduma__Kasaragod,23645
Nileswaram(M)__Kasaragod,Valiyaparampa__Kasaragod,12404
Nileswaram(M)__Kasaragod,Vorkady__Kasaragod,59699
Nileswaram(M)__Kasaragod,West Eleri__Kasaragod,20836
Padanna__Kasaragod,Ajanur__Kasaragod,21656
Padanna__Kasaragod,Badiyaduka__Kasaragod,47383
Padanna__Kasaragod,Balal__Kasaragod,29917
Padanna__Kasaragod,Bedadka__Kasaragod,31543
Padanna__Kasaragod,Beloor__Kasaragod,47681
Padanna__Kasaragod,Chemmanad__Kasaragod,35996
Padanna__Kasaragod,Chengala__Kasaragod,40964
Padanna__Kasaragod,Cheruvathur__Kasaragod,5315
Padanna__Kasaragod,Delampadi__Kasaragod,42888
Padanna__Kasaragod,East Eleri__Kasaragod,27863
Padanna__Kasaragod,Enmakaje__Kasaragod,53017
Padanna__Kasaragod,Kallar__Kasaragod,30430
Padanna__Kasaragod,Kanjangad(M)__Kasaragod,14416
Padanna__Kasaragod,Karaduka__Kasaragod,42428
Padanna__Kasaragod,Kasaragod(M)__Kasaragod,40242
Padanna__Kasaragod,Kayyur-Chimeni__Kasaragod,11283
Padanna__Kasaragod,Kinanur-Karindalam__Kasaragod,18213
Padanna__Kasaragod,Kodom-Belur__Kasaragod,22562
Padanna__Kasaragod,Kumbadaje__Kasaragod,45385
Padanna__Kasaragod,Kumbala__Kasaragod,52308
Padanna__Kasaragod,Kuttikol__Kasaragod,36483
Padanna__Kasaragod,Madhur__Kasaragod,44463
Padanna__Kasaragod,Madikai__Kasaragod,15842
Padanna__Kasaragod,Mangalpady__Kasaragod,58610
Padanna__Kasaragod,Manjeswaram__Kasaragod,67960
Padanna__Kasaragod,Meencha__Kasaragod,63750
Padanna__Kasaragod,Mogral-Puthur__Kasaragod,45722
Padanna__Kasaragod,Muliyar__Kasaragod,37152
Padanna__Kasaragod,Nileswaram(M)__Kasaragod,8919
Padanna__Kasaragod,Padanna__Kasaragod,0
Padanna__Kasaragod,Paivalike__Kasaragod,59297
Padanna__Kasaragod,Pallikkara__Kasaragod,28567
Padanna__Kasaragod,Pananthadi__Kasaragod,37742
Padanna__Kasaragod,Pilicode__Kasaragod,4540
Padanna__Kasaragod,Pullur-Periya__Kasaragod,25164
Padanna__Kasaragod,Puthige__Kasaragod,51881
Padanna__Kasaragod,Thrikkarippur__Kasaragod,5094
Padanna__Kasaragod,Uduma__Kasaragod,32255
Padanna__Kasaragod,Valiyaparampa__Kasaragod,3658
Padanna__Kasaragod,Vorkady__Kasaragod,68542
Padanna__Kasaragod,West Eleri__Kasaragod,24118
Paivalike__Kasaragod,Ajanur__Kasaragod,37801
Paivalike__Kasaragod,Badiyaduka__Kasaragod,12276
Paivalike__Kasaragod,Balal__Kasaragod,48919
Paivalike__Kasaragod,Bedadka__Kasaragod,30144
Paivalike__Kasaragod,Beloor__Kasaragod,20974
Paivalike__Kasaragod,Chemmanad__Kasaragod,23705
Paivalike__Kasaragod,Chengala__Kasaragod,18461
Paivalike__Kasaragod,Cheruvathur__Kasaragod,53996
Paivalike__Kasaragod,Delampadi__Kasaragod,30159
Paivalike__Kasaragod,East Eleri__Kasaragod,58097
Paivalike__Kasaragod,Enmakaje__Kasaragod,11635
Paivalike__Kasaragod,Kallar__Kasaragod,39760
Paivalike__Kasaragod,Kanjangad(M)__Kasaragod,44982
Paivalike__Kasaragod,Karaduka__Kasaragod,23183
Paivalike__Kasaragod,Kasaragod(M)__Kasaragod,20756
Paivalike__Kasaragod,Kayyur-Chimeni__Kasaragod,54261
Paivalike__Kasaragod,Kinanur-Karindalam__Kasaragod,48588
Paivalike__Kasaragod,Kodom-Belur__Kasaragod,40407
Paivalike__Kasaragod,Kumbadaje__Kasaragod,17684
Paivalike__Kasaragod,Kumbala__Kasaragod,10079
Paivalike__Kasaragod,Kuttikol__Kasaragod,34461
Paivalike__Kasaragod,Madhur__Kasaragod,15637
Paivalike__Kasaragod,Madikai__Kasaragod,44208
Paivalike__Kasaragod,Mangalpady__Kasaragod,8211
Paivalike__Kasaragod,Manjeswaram__Kasaragod,12752
Paivalike__Kasaragod,Meencha__Kasaragod,6891
Paivalike__Kasaragod,Mogral-Puthur__Kasaragod,16317
Paivalike__Kasaragod,Muliyar__Kasaragod,23731
Paivalike__Kasaragod,Nileswaram(M)__Kasaragod,50412
Paivalike__Kasaragod,Padanna__Kasaragod,59297
Paivalike__Kasaragod,Paivalike__Kasaragod,0
Paivalike__Kasaragod,Pallikkara__Kasaragod,30905
Paivalike__Kasaragod,Pananthadi__Kasaragod,44887
Paivalike__Kasaragod,Pilicode__Kasaragod,57153
Paivalike__Kasaragod,Pullur-Periya__Kasaragod,34457
Paivalike__Kasaragod,Puthige__Kasaragod,7483
Paivalike__Kasaragod,Thrikkarippur__Kasaragod,64287
Paivalike__Kasaragod,Uduma__Kasaragod,27759
Paivalike__Kasaragod,Valiyaparampa__Kasaragod,62613
Paivalike__Kasaragod,Vorkady__Kasaragod,9593
Paivalike__Kasaragod,West Eleri__Kasaragod,52831
Pallikkara__Kasaragod,Ajanur__Kasaragod,6924
Pallikkara__Kasaragod,Badiyaduka__Kasaragod,19467
Pallikkara__Kasaragod,Balal__Kasaragod,29224
Pallikkara__Kasaragod,Bedadka__Kasaragod,10943
Pallikkara__Kasaragod,Beloor__Kasaragod,24308
Pallikkara__Kasaragod,Chemmanad__Kasaragod,7444
Pallikkara__Kasaragod,Chengala__Kasaragod,13099
Pallikkara__Kasaragod,Cheruvathur__Kasaragod,23324
Pallikkara__Kasaragod,Delampadi__Kasaragod,24805
Pallikkara__Kasaragod,East Eleri__Kasaragod,35691
Pallikkara__Kasaragod,Enmakaje__Kasaragod,26373
Pallikkara__Kasaragod,Kallar__Kasaragod,21271
Pallikkara__Kasaragod,Kanjangad(M)__Kasaragod,14159
Pallikkara__Kasaragod,Karaduka__Kasaragod,19540
Pallikkara__Kasaragod,Kasaragod(M)__Kasaragod,12058
Pallikkara__Kasaragod,Kayyur-Chimeni__Kasaragod,25523
Pallikkara__Kasaragod,Kinanur-Karindalam__Kasaragod,22222
Pallikkara__Kasaragod,Kodom-Belur__Kasaragod,14906
Pallikkara__Kasaragod,Kumbadaje__Kasaragod,19789
Pallikkara__Kasaragod,Kumbala__Kasaragod,23822
Pallikkara__Kasaragod,Kuttikol__Kasaragod,21870
Pallikkara__Kasaragod,Madhur__Kasaragod,15907
Pallikkara__Kasaragod,Madikai__Kasaragod,14679
Pallikkara__Kasaragod,Mangalpady__Kasaragod,30140
Pallikkara__Kasaragod,Manjeswaram__Kasaragod,39507
Pallikkara__Kasaragod,Meencha__Kasaragod,35184
Pallikkara__Kasaragod,Mogral-Puthur__Kasaragod,17491
Pallikkara__Kasaragod,Muliyar__Kasaragod,12084
Pallikkara__Kasaragod,Nileswaram(M)__Kasaragod,19815
Pallikkara__Kasaragod,Padanna__Kasaragod,28567
Pallikkara__Kasaragod,Paivalike__Kasaragod,30905
Pallikkara__Kasaragod,Pallikkara__Kasaragod,0
Pallikkara__Kasaragod,Pananthadi__Kasaragod,31074
Pallikkara__Kasaragod,Pilicode__Kasaragod,26922
Pallikkara__Kasaragod,Pullur-Periya__Kasaragod,6387
Pallikkara__Kasaragod,Puthige__Kasaragod,23435
Pallikkara__Kasaragod,Thrikkarippur__Kasaragod,33624
Pallikkara__Kasaragod,Uduma__Kasaragod,4164
Pallikkara__Kasaragod,Valiyaparampa__Kasaragod,31779
Pallikkara__Kasaragod,Vorkady__Kasaragod,40014
Pallikkara__Kasaragod,West Eleri__Kasaragod,29461
Pananthadi__Kasaragod,Ajanur__Kasaragod,30818
Pananthadi__Kasaragod,Badiyaduka__Kasaragod,34413
Pananthadi__Kasaragod,Balal__Kasaragod,8615
Pananthadi__Kasaragod,Bedadka__Kasaragod,20859
Pananthadi__Kasaragod,Beloor__Kasaragod,24285
Pananthadi__Kasaragod,Chemmanad__Kasaragod,33849
Pananthadi__Kasaragod,Chengala__Kasaragod,31311
Pananthadi__Kasaragod,Cheruvathur__Kasaragod,34203
Pananthadi__Kasaragod,Delampadi__Kasaragod,14969
Pananthadi__Kasaragod,East Eleri__Kasaragod,17031
Pananthadi__Kasaragod,Enmakaje__Kasaragod,33649
Pananthadi__Kasaragod,Kallar__Kasaragod,10032
Pananthadi__Kasaragod,Kanjangad(M)__Kasaragod,31773
Pananthadi__Kasaragod,Karaduka__Kasaragod,21855
Pananthadi__Kasaragod,Kasaragod(M)__Kasaragod,38373
Pananthadi__Kasaragod,Kayyur-Chimeni__Kasaragod,26670
Pananthadi__Kasaragod,Kinanur-Karindalam__Kasaragod,19567
Pananthadi__Kasaragod,Kodom-Belur__Kasaragod,19000
Pananthadi__Kasaragod,Kumbadaje__Kasaragod,27421
Pananthadi__Kasaragod,Kumbala__Kasaragod,44615
Pananthadi__Kasaragod,Kuttikol__Kasaragod,11005
Pananthadi__Kasaragod,Madhur__Kasaragod,38240
Pananthadi__Kasaragod,Madikai__Kasaragod,26141
Pananthadi__Kasaragod,Mangalpady__Kasaragod,49590
Pananthadi__Kasaragod,Manjeswaram__Kasaragod,57419
Pananthadi__Kasaragod,Meencha__Kasaragod,51631
Pananthadi__Kasaragod,Mogral-Puthur__Kasaragod,41780
Pananthadi__Kasaragod,Muliyar__Kasaragod,24856
Pananthadi__Kasaragod,Nileswaram(M)__Kasaragod,31998
Pananthadi__Kasaragod,Padanna__Kasaragod,37742
Pananthadi__Kasaragod,Paivalike__Kasaragod,44887
Pananthadi__Kasaragod,Pallikkara__Kasaragod,31074
Pananthadi__Kasaragod,Pananthadi__Kasaragod,0
Pananthadi__Kasaragod,Pilicode__Kasaragod,33291
Pananthadi__Kasaragod,Pullur-Periya__Kasaragod,25498
Pananthadi__Kasaragod,Puthige__Kasaragod,40127
Pananthadi__Kasaragod,Thrikkarippur__Kasaragod,40439
Pananthadi__Kasaragod,Uduma__Kasaragod,33959
Pananthadi__Kasaragod,Valiyaparampa__Kasaragod,41123
Pananthadi__Kasaragod,Vorkady__Kasaragod,53855
Pananthadi__Kasaragod,West Eleri__Kasaragod,15391
Pilicode__Kasaragod,Ajanur__Kasaragod,20195
Pilicode__Kasaragod,Badiyaduka__Kasaragod,45049
Pilicode__Kasaragod,Balal__Kasaragod,25394
Pilicode__Kasaragod,Bedadka__Kasaragod,28467
Pilicode__Kasaragod,Beloor__Kasaragod,44353
Pilicode__Kasaragod,Chemmanad__Kasaragod,34346
Pilicode__Kasaragod,Chengala__Kasaragod,38704
Pilicode__Kasaragod,Cheruvathur__Kasaragod,4668
Pilicode__Kasaragod,Delampadi__Kasaragod,39058
Pilicode__Kasaragod,East Eleri__Kasaragod,23483
Pilicode__Kasaragod,Enmakaje__Kasaragod,50210
Pilicode__Kasaragod,Kallar__Kasaragod,26287
Pilicode__Kasaragod,Kanjangad(M)__Kasaragod,13219
Pilicode__Kasaragod,Karaduka__Kasaragod,39151
Pilicode__Kasaragod,Kasaragod(M)__Kasaragod,38889
Pilicode__Kasaragod,Kayyur-Chimeni__Kasaragod,6745
Pilicode__Kasaragod,Kinanur-Karindalam__Kasaragod,13836
Pilicode__Kasaragod,Kodom-Belur__Kasaragod,18930
Pilicode__Kasaragod,Kumbadaje__Kasaragod,42469
Pilicode__Kasaragod,Kumbala__Kasaragod,50734
Pilicode__Kasaragod,Kuttikol__Kasaragod,32529
Pilicode__Kasaragod,Madhur__Kasaragod,42773
Pilicode__Kasaragod,Madikai__Kasaragod,13009
Pilicode__Kasaragod,Mangalpady__Kasaragod,57052
Pilicode__Kasaragod,Manjeswaram__Kasaragod,66418
Pilicode__Kasaragod,Meencha__Kasaragod,61952
Pilicode__Kasaragod,Mogral-Puthur__Kasaragod,44364
Pilicode__Kasaragod,Muliyar__Kasaragod,34374
Pilicode__Kasaragod,Nileswaram(M)__Kasaragod,7345
Pilicode__Kasaragod,Padanna__Kasaragod,4540
Pilicode__Kasaragod,Paivalike__Kasaragod,57153
Pilicode__Kasaragod,Pallikkara__Kasaragod,26922
Pilicode__Kasaragod,Pananthadi__Kasaragod,33291
Pilicode__Kasaragod,Pilicode__Kasaragod,0
Pilicode__Kasaragod,Pullur-Periya__Kasaragod,22714
Pilicode__Kasaragod,Puthige__Kasaragod,49832
Pilicode__Kasaragod,Thrikkarippur__Kasaragod,7804
Pilicode__Kasaragod,Uduma__Kasaragod,30850
Pilicode__Kasaragod,Valiyaparampa__Kasaragod,7841
Pilicode__Kasaragod,Vorkady__Kasaragod,66545
Pilicode__Kasaragod,West Eleri__Kasaragod,19585
Pullur-Periya__Kasaragod,Ajanur__Kasaragod,6194
Pullur-Periya__Kasaragod,Badiyaduka__Kasaragod,22337
Pullur-Periya__Kasaragod,Balal__Kasaragod,22964
Pullur-Periya__Kasaragod,Bedadka__Kasaragod,7661
Pullur-Periya__Kasaragod,Beloor__Kasaragod,23636
Pullur-Periya__Kasaragod,Chemmanad__Kasaragod,12635
Pullur-Periya__Kasaragod,Chengala__Kasaragod,15998
Pullur-Periya__Kasaragod,Cheruvathur__Kasaragod,19857
Pullur-Periya__Kasaragod,Delampadi__Kasaragod,21730
Pullur-Periya__Kasaragod,East Eleri__Kasaragod,29310
Pullur-Periya__Kasaragod,Enmakaje__Kasaragod,27920
Pullur-Periya__Kasaragod,Kallar__Kasaragod,15502
Pullur-Periya__Kasaragod,Kanjangad(M)__Kasaragod,11569
Pullur-Periya__Kasaragod,Karaduka__Kasaragod,18413
Pullur-Periya__Kasaragod,Kasaragod(M)__Kasaragod,17675
Pullur-Periya__Kasaragod,Kayyur-Chimeni__Kasaragod,20176
Pullur-Periya__Kasaragod,Kinanur-Karindalam__Kasaragod,16050
Pullur-Periya__Kasaragod,Kodom-Belur__Kasaragod,8520
Pullur-Periya__Kasaragod,Kumbadaje__Kasaragod,20442
Pullur-Periya__Kasaragod,Kumbala__Kasaragod,28643
Pullur-Periya__Kasaragod,Kuttikol__Kasaragod,17420
Pullur-Periya__Kasaragod,Madhur__Kasaragod,20632
Pullur-Periya__Kasaragod,Madikai__Kasaragod,9753
Pullur-Periya__Kasaragod,Mangalpady__Kasaragod,34908
Pullur-Periya__Kasaragod,Manjeswaram__Kasaragod,44217
Pullur-Periya__Kasaragod,Meencha__Kasaragod,39470
Pullur-Periya__Kasaragod,Mogral-Puthur__Kasaragod,22867
Pullur-Periya__Kasaragod,Muliyar__Kasaragod,12127
Pullur-Periya__Kasaragod,Nileswaram(M)__Kasaragod,16256
Pullur-Periya__Kasaragod,Padanna__Kasaragod,25164
Pullur-Periya__Kasaragod,Paivalike__Kasaragod,34457
Pullur-Periya__Kasaragod,Pallikkara__Kasaragod,6387
Pullur-Periya__Kasaragod,Pananthadi__Kasaragod,25498
Pullur-Periya__Kasaragod,Pilicode__Kasaragod,22714
Pullur-Periya__Kasaragod,Pullur-Periya__Kasaragod,0
Pullur-Periya__Kasaragod,Puthige__Kasaragod,27192
Pullur-Periya__Kasaragod,Thrikkarippur__Kasaragod,30024
Pullur-Periya__Kasaragod,Uduma__Kasaragod,10355
Pullur-Periya__Kasaragod,Valiyaparampa__Kasaragod,28653
Pullur-Periya__Kasaragod,Vorkady__Kasaragod,43898
Pullur-Periya__Kasaragod,West Eleri__Kasaragod,23086
Puthige__Kasaragod,Ajanur__Kasaragod,30340
Puthige__Kasaragod,Badiyaduka__Kasaragod,5801
Puthige__Kasaragod,Balal__Kasaragod,43213
Puthige__Kasaragod,Bedadka__Kasaragod,23476
Puthige__Kasaragod,Beloor__Kasaragod,17726
Puthige__Kasaragod,Chemmanad__Kasaragod,16223
Puthige__Kasaragod,Chengala__Kasaragod,11286
Puthige__Kasaragod,Cheruvathur__Kasaragod,46588
Puthige__Kasaragod,Delampadi__Kasaragod,26092
Puthige__Kasaragod,East Eleri__Kasaragod,52114
Puthige__Kasaragod,Enmakaje__Kasaragod,10169
Puthige__Kasaragod,Kallar__Kasaragod,33902
Puthige__Kasaragod,Kanjangad(M)__Kasaragod,37537
Puthige__Kasaragod,Karaduka__Kasaragod,18336
Puthige__Kasaragod,Kasaragod(M)__Kasaragod,13518
Puthige__Kasaragod,Kayyur-Chimeni__Kasaragod,47174
Puthige__Kasaragod,Kinanur-Karindalam__Kasaragod,41800
Puthige__Kasaragod,Kodom-Belur__Kasaragod,33567
Puthige__Kasaragod,Kumbadaje__Kasaragod,12847
Puthige__Kasaragod,Kumbala__Kasaragod,5870
Puthige__Kasaragod,Kuttikol__Kasaragod,29287
Puthige__Kasaragod,Madhur__Kasaragod,8317
Puthige__Kasaragod,Madikai__Kasaragod,36941
Puthige__Kasaragod,Mangalpady__Kasaragod,9467
Puthige__Kasaragod,Manjeswaram__Kasaragod,17820
Puthige__Kasaragod,Meencha__Kasaragod,12487
Puthige__Kasaragod,Mogral-Puthur__Kasaragod,9776
Puthige__Kasaragod,Muliyar__Kasaragod,17141
Puthige__Kasaragod,Nileswaram(M)__Kasaragod,43015
Puthige__Kasaragod,Padanna__Kasaragod,51881
Puthige__Kasaragod,Paivalike__Kasaragod,7483
Puthige__Kasaragod,Pallikkara__Kasaragod,23435
Puthige__Kasaragod,Pananthadi__Kasaragod,40127
Puthige__Kasaragod,Pilicode__Kasaragod,49832
Puthige__Kasaragod,Pullur-Periya__Kasaragod,27192
Puthige__Kasaragod,Puthige__Kasaragod,0
Puthige__Kasaragod,Thrikkarippur__Kasaragod,56889
Puthige__Kasaragod,Uduma__Kasaragod,20285
Puthige__Kasaragod,Valiyaparampa__Kasaragod,55172
Puthige__Kasaragod,Vorkady__Kasaragod,16713
Puthige__Kasaragod,West Eleri__Kasaragod,46588
Thrikkarippur__Kasaragod,Ajanur__Kasaragod,26724
Thrikkarippur__Kasaragod,Badiyaduka__Kasaragod,52315
Thrikkarippur__Kasaragod,Balal__Kasaragod,32219
Thrikkarippur__Kasaragod,Bedadka__Kasaragod,36131
Thrikkarippur__Kasaragod,Beloor__Kasaragod,52115
Thrikkarippur__Kasaragod,Chemmanad__Kasaragod,41060
Thrikkarippur__Kasaragod,Chengala__Kasaragod,45911
Thrikkarippur__Kasaragod,Cheruvathur__Kasaragod,10307
Thrikkarippur__Kasaragod,Delampadi__Kasaragod,46845
Thrikkarippur__Kasaragod,East Eleri__Kasaragod,28675
Thrikkarippur__Kasaragod,Enmakaje__Kasaragod,57769
Thrikkarippur__Kasaragod,Kallar__Kasaragod,33953
Thrikkarippur__Kasaragod,Kanjangad(M)__Kasaragod,19488
Thrikkarippur__Kasaragod,Karaduka__Kasaragod,46896
Thrikkarippur__Kasaragod,Kasaragod(M)__Kasaragod,45332
Thrikkarippur__Kasaragod,Kayyur-Chimeni__Kasaragod,13838
Thrikkarippur__Kasaragod,Kinanur-Karindalam__Kasaragod,21318
Thrikkarippur__Kasaragod,Kodom-Belur__Kasaragod,26729
Thrikkarippur__Kasaragod,Kumbadaje__Kasaragod,50077
Thrikkarippur__Kasaragod,Kumbala__Kasaragod,57388
Thrikkarippur__Kasaragod,Kuttikol__Kasaragod,40286
Thrikkarippur__Kasaragod,Madhur__Kasaragod,49527
Thrikkarippur__Kasaragod,Madikai__Kasaragod,20502
Thrikkarippur__Kasaragod,Mangalpady__Kasaragod,63692
Thrikkarippur__Kasaragod,Manjeswaram__Kasaragod,73045
Thrikkarippur__Kasaragod,Meencha__Kasaragod,68807
Thrikkarippur__Kasaragod,Mogral-Puthur__Kasaragod,50813
Thrikkarippur__Kasaragod,Muliyar__Kasaragod,41904
Thrikkarippur__Kasaragod,Nileswaram(M)__Kasaragod,13875
Thrikkarippur__Kasaragod,Padanna__Kasaragod,5094
Thrikkarippur__Kasaragod,Paivalike__Kasaragod,64287
Thrikkarippur__Kasaragod,Pallikkara__Kasaragod,33624
Thrikkarippur__Kasaragod,Pananthadi__Kasaragod,40439
Thrikkarippur__Kasaragod,Pilicode__Kasaragod,7804
Thrikkarippur__Kasaragod,Pullur-Periya__Kasaragod,30024
Thrikkarippur__Kasaragod,Puthige__Kasaragod,56889
Thrikkarippur__Kasaragod,Thrikkarippur__Kasaragod,0
Thrikkarippur__Kasaragod,Uduma__Kasaragod,37339
Thrikkarippur__Kasaragod,Valiyaparampa__Kasaragod,3143
Thrikkarippur__Kasaragod,Vorkady__Kasaragod,73568
Thrikkarippur__Kasaragod,West Eleri__Kasaragod,25917
Uduma__Kasaragod,Ajanur__Kasaragod,10670
Uduma__Kasaragod,Badiyaduka__Kasaragod,17012
Uduma__Kasaragod,Balal__Kasaragod,32801
Uduma__Kasaragod,Bedadka__Kasaragod,13203
Uduma__Kasaragod,Beloor__Kasaragod,24006
Uduma__Kasaragod,Chemmanad__Kasaragod,4099
Uduma__Kasaragod,Chengala__Kasaragod,11052
Uduma__Kasaragod,Cheruvathur__Kasaragod,27083
Uduma__Kasaragod,Delampadi__Kasaragod,26046
Uduma__Kasaragod,East Eleri__Kasaragod,39622
Uduma__Kasaragod,Enmakaje__Kasaragod,24555
Uduma__Kasaragod,Kallar__Kasaragod,24435
Uduma__Kasaragod,Kanjangad(M)__Kasaragod,17860
Uduma__Kasaragod,Karaduka__Kasaragod,19756
Uduma__Kasaragod,Kasaragod(M)__Kasaragod,8039
Uduma__Kasaragod,Kayyur-Chimeni__Kasaragod,29666
Uduma__Kasaragod,Kinanur-Karindalam__Kasaragod,26332
Uduma__Kasaragod,Kodom-Belur__Kasaragod,18831
Uduma__Kasaragod,Kumbadaje__Kasaragod,18823
Uduma__Kasaragod,Kumbala__Kasaragod,20061
Uduma__Kasaragod,Kuttikol__Kasaragod,24099
Uduma__Kasaragod,Madhur__Kasaragod,12338
Uduma__Kasaragod,Madikai__Kasaragod,18811
Uduma__Kasaragod,Mangalpady__Kasaragod,26356
Uduma__Kasaragod,Manjeswaram__Kasaragod,35706
Uduma__Kasaragod,Meencha__Kasaragod,31604
Uduma__Kasaragod,Mogral-Puthur__Kasaragod,13519
Uduma__Kasaragod,Muliyar__Kasaragod,12239
Uduma__Kasaragod,Nileswaram(M)__Kasaragod,23645
Uduma__Kasaragod,Padanna__Kasaragod,32255
Uduma__Kasaragod,Paivalike__Kasaragod,27759
Uduma__Kasaragod,Pallikkara__Kasaragod,4164
Uduma__Kasaragod,Pananthadi__Kasaragod,33959
Uduma__Kasaragod,Pilicode__Kasaragod,30850
Uduma__Kasaragod,Pullur-Periya__Kasaragod,10355
Uduma__Kasaragod,Puthige__Kasaragod,20285
Uduma__Kasaragod,Thrikkarippur__Kasaragod,37339
Uduma__Kasaragod,Uduma__Kasaragod,0
Uduma__Kasaragod,Valiyaparampa__Kasaragod,35349
Uduma__Kasaragod,Vorkady__Kasaragod,36611
Uduma__Kasaragod,West Eleri__Kasaragod,33414
Valiyaparampa__Kasaragod,Ajanur__Kasaragod,24856
Valiyaparampa__Kasaragod,Badiyaduka__Kasaragod,50782
Valiyaparampa__Kasaragod,Balal__Kasaragod,33147
Valiyaparampa__Kasaragod,Bedadka__Kasaragod,35151
Valiyaparampa__Kasaragod,Beloor__Kasaragod,51316
Valiyaparampa__Kasaragod,Chemmanad__Kasaragod,39174
Valiyaparampa__Kasaragod,Chengala__Kasaragod,44350
Valiyaparampa__Kasaragod,Cheruvathur__Kasaragod,8819
Valiyaparampa__Kasaragod,Delampadi__Kasaragod,46541
Valiyaparampa__Kasaragod,East Eleri__Kasaragod,30425
Valiyaparampa__Kasaragod,Enmakaje__Kasaragod,56548
Valiyaparampa__Kasaragod,Kallar__Kasaragod,34019
Valiyaparampa__Kasaragod,Kanjangad(M)__Kasaragod,17636
Valiyaparampa__Kasaragod,Karaduka__Kasaragod,46058
Valiyaparampa__Kasaragod,Kasaragod(M)__Kasaragod,43277
Valiyaparampa__Kasaragod,Kayyur-Chimeni__Kasaragod,14495
Valiyaparampa__Kasaragod,Kinanur-Karindalam__Kasaragod,21672
Valiyaparampa__Kasaragod,Kodom-Belur__Kasaragod,26220
Valiyaparampa__Kasaragod,Kumbadaje__Kasaragod,48948
Valiyaparampa__Kasaragod,Kumbala__Kasaragod,55406
Valiyaparampa__Kasaragod,Kuttikol__Kasaragod,40120
Valiyaparampa__Kasaragod,Madhur__Kasaragod,47629
Valiyaparampa__Kasaragod,Madikai__Kasaragod,19451
Valiyaparampa__Kasaragod,Mangalpady__Kasaragod,61688
Valiyaparampa__Kasaragod,Manjeswaram__Kasaragod,71017
Valiyaparampa__Kasaragod,Meencha__Kasaragod,66924
Valiyaparampa__Kasaragod,Mogral-Puthur__Kasaragod,48740
Valiyaparampa__Kasaragod,Muliyar__Kasaragod,40692
Valiyaparampa__Kasaragod,Nileswaram(M)__Kasaragod,12404
Valiyaparampa__Kasaragod,Padanna__Kasaragod,3658
Valiyaparampa__Kasaragod,Paivalike__Kasaragod,62613
Valiyaparampa__Kasaragod,Pallikkara__Kasaragod,31779
Valiyaparampa__Kasaragod,Pananthadi__Kasaragod,41123
Valiyaparampa__Kasaragod,Pilicode__Kasaragod,7841
Valiyaparampa__Kasaragod,Pullur-Periya__Kasaragod,28653
Valiyaparampa__Kasaragod,Puthige__Kasaragod,55172
Valiyaparampa__Kasaragod,Thrikkarippur__Kasaragod,3143
Valiyaparampa__Kasaragod,Uduma__Kasaragod,35349
Valiyaparampa__Kasaragod,Valiyaparampa__Kasaragod,0
Valiyaparampa__Kasaragod,Vorkady__Kasaragod,71793
Valiyaparampa__Kasaragod,West Eleri__Kasaragod,27126
Vorkady__Kasaragod,Ajanur__Kasaragod,46938
Vorkady__Kasaragod,Badiyaduka__Kasaragod,21854
Vorkady__Kasaragod,Balal__Kasaragod,58288
Vorkady__Kasaragod,Bedadka__Kasaragod,39736
Vorkady__Kasaragod,Beloor__Kasaragod,29625
Vorkady__Kasaragod,Chemmanad__Kasaragod,32658
Vorkady__Kasaragod,Chengala__Kasaragod,27936
Vorkady__Kasaragod,Cheruvathur__Kasaragod,63262
Vorkady__Kasaragod,Delampadi__Kasaragod,38948
Vorkady__Kasaragod,East Eleri__Kasaragod,67544
Vorkady__Kasaragod,Enmakaje__Kasaragod,20209
Vorkady__Kasaragod,Kallar__Kasaragod,49206
Vorkady__Kasaragod,Kanjangad(M)__Kasaragod,54163
Vorkady__Kasaragod,Karaduka__Kasaragod,32431
Vorkady__Kasaragod,Kasaragod(M)__Kasaragod,29094
Vorkady__Kasaragod,Kayyur-Chimeni__Kasaragod,63803
Vorkady__Kasaragod,Kinanur-Karindalam__Kasaragod,58180
Vorkady__Kasaragod,Kodom-Belur__Kasaragod,49994
Vorkady__Kasaragod,Kumbadaje__Kasaragod,27040
Vorkady__Kasaragod,Kumbala__Kasaragod,17112
Vorkady__Kasaragod,Kuttikol__Kasaragod,43695
Vorkady__Kasaragod,Madhur__Kasaragod,24279
Vorkady__Kasaragod,Madikai__Kasaragod,53650
Vorkady__Kasaragod,Mangalpady__Kasaragod,11740
Vorkady__Kasaragod,Manjeswaram__Kasaragod,7351
Vorkady__Kasaragod,Meencha__Kasaragod,5656
Vorkady__Kasaragod,Mogral-Puthur__Kasaragod,24020
Vorkady__Kasaragod,Muliyar__Kasaragod,33323
Vorkady__Kasaragod,Nileswaram(M)__Kasaragod,59699
Vorkady__Kasaragod,Padanna__Kasaragod,68542
Vorkady__Kasaragod,Paivalike__Kasaragod,9593
Vorkady__Kasaragod,Pallikkara__Kasaragod,40014
Vorkady__Kasaragod,Pananthadi__Kasaragod,53855
Vorkady__Kasaragod,Pilicode__Kasaragod,66545
Vorkady__Kasaragod,Pullur-Periya__Kasaragod,43898
Vorkady__Kasaragod,Puthige__Kasaragod,16713
Vorkady__Kasaragod,Thrikkarippur__Kasaragod,73568
Vorkady__Kasaragod,Uduma__Kasaragod,36611
Vorkady__Kasaragod,Valiyaparampa__Kasaragod,71793
Vorkady__Kasaragod,Vorkady__Kasaragod,0
Vorkady__Kasaragod,West Eleri__Kasaragod,62357
West Eleri__Kasaragod,Ajanur__Kasaragod,25801
West Eleri__Kasaragod,Badiyaduka__Kasaragod,40875
West Eleri__Kasaragod,Balal__Kasaragod,6776
West Eleri__Kasaragod,Bedadka__Kasaragod,23292
West Eleri__Kasaragod,Beloor__Kasaragod,34616
West Eleri__Kasaragod,Chemmanad__Kasaragod,35117
West Eleri__Kasaragod,Chengala__Kasaragod,35785
West Eleri__Kasaragod,Cheruvathur__Kasaragod,21844
West Eleri__Kasaragod,Delampadi__Kasaragod,26477
West Eleri__Kasaragod,East Eleri__Kasaragod,6247
West Eleri__Kasaragod,Enmakaje__Kasaragod,42966
West Eleri__Kasaragod,Kallar__Kasaragod,13427
West Eleri__Kasaragod,Kanjangad(M)__Kasaragod,23177
West Eleri__Kasaragod,Karaduka__Kasaragod,30396
West Eleri__Kasaragod,Kasaragod(M)__Kasaragod,40209
West Eleri__Kasaragod,Kayyur-Chimeni__Kasaragod,12895
West Eleri__Kasaragod,Kinanur-Karindalam__Kasaragod,8383
West Eleri__Kasaragod,Kodom-Belur__Kasaragod,14583
West Eleri__Kasaragod,Kumbadaje__Kasaragod,35439
West Eleri__Kasaragod,Kumbala__Kasaragod,49669
West Eleri__Kasaragod,Kuttikol__Kasaragod,19940
West Eleri__Kasaragod,Madhur__Kasaragod,42036
West Eleri__Kasaragod,Madikai__Kasaragod,17809
West Eleri__Kasaragod,Mangalpady__Kasaragod,55550
West Eleri__Kasaragod,Manjeswaram__Kasaragod,64402
West Eleri__Kasaragod,Meencha__Kasaragod,58990
West Eleri__Kasaragod,Mogral-Puthur__Kasaragod,44941
West Eleri__Kasaragod,Muliyar__Kasaragod,29466
West Eleri__Kasaragod,Nileswaram(M)__Kasaragod,20836
West Eleri__Kasaragod,Padanna__Kasaragod,24118
West Eleri__Kasaragod,Paivalike__Kasaragod,52831
West Eleri__Kasaragod,Pallikkara__Kasaragod,29461
West Eleri__Kasaragod,Pananthadi__Kasaragod,15391
West Eleri__Kasaragod,Pilicode__Kasaragod,19585
West Eleri__Kasaragod,Pullur-Periya__Kasaragod,23086
West Eleri__Kasaragod,Puthige__Kasaragod,46588
West Eleri__Kasaragod,Thrikkarippur__Kasaragod,25917
West Eleri__Kasaragod,Uduma__Kasaragod,33414
West Eleri__Kasaragod,Valiyaparampa__Kasaragod,27126
West Eleri__Kasaragod,Vorkady__Kasaragod,62357
West Eleri__Kasaragod,West Eleri__Kasaragod,0